"RollingMenu_Summon_Pickup_Bell","HeroGacha","JPL0_Summon_Pickup_Bell","Summon_Banner_Bell","","Schedule_HeroGacha","False"
"RollingMenu_Summon_Pickup_Laura","HeroGacha","JPL2_Summon_Pickup_Laura","Summon_Banner_Laura","","Schedule_HeroGacha","False"
"RollingMenu_Summon_Pickup_Capeline","HeroGacha","JPL2_Summon_Pickup_Capeline","Summon_Banner_Capeline","","Schedule_HeroGacha","False"
"RollingMenu_Summon_Pickup_Ingrid","HeroGacha","JPL4_Summon_Pickup_Ingrid","Summon_Banner_Ingrid","","Schedule_HeroGacha","False"
"RollingMenu_Summon_Pickup_Eleonora","HeroGacha","JPL4_Summon_Pickup_Eleonora","Summon_Banner_Eleonora","","Schedule_HeroGacha","False"
"RollingMenu_Summon_Pickup_Rin","HeroGacha","JPL7_Summon_Pickup_Rin","Summon_Banner_Rin","","Schedule_HeroGacha","False"
"RollingMenu_Summon_Pickup_Scheherazade","HeroGacha","JPL7_Summon_Pickup_Scheherazade","Summon_Banner_Scheherazade","","Schedule_HeroGacha","False"
"RollingMenu_Summon_Pickup_Snow","HeroGacha","JPL9_Summon_Pickup_Snow","Summon_Banner_Snow","","Schedule_HeroGacha","False"
"RollingMenu_Summon_Pickup_Marie","HeroGacha","JPL9_Summon_Pickup_Marie","Summon_Banner_Marie","","Schedule_HeroGacha","False"
"RollingMenu_Summon_Pickup_Astia","HeroGacha","JPL11_Summon_Pickup_Astia","Summon_Banner_Astia","","Schedule_HeroGacha","False"
"RollingMenu_Summon_Pickup_Aria","HeroGacha","JPL11_Summon_Pickup_Aria","Summon_Banner_Aria","","Schedule_HeroGacha","False"
"RollingMenu_Summon_Pickup__Enoxia","HeroGacha","JPL13_Summon_Pickup_Enoxia","Summon_Banner_Enoxia","","Schedule_HeroGacha","False"
"RollingMenu_Summon_Pickup_Esmeralda","HeroGacha","JPL13_Summon_Pickup_Esmeralda","Summon_Banner_Esmeralda","","Schedule_HeroGacha","False"
"RollingMenu_Summon_Pickup_Emma","HeroGacha","JPL15_Summon_Pickup_Emma","Summon_Banner_Emma","","Schedule_HeroGacha","False"
"RollingMenu_Summon_Pickup_JamieHook","HeroGacha","JPL15_Summon_Pickup_JamieHook","Summon_Banner_JamieHook","","Schedule_HeroGacha","False"
"RollingMenu_Summon_Pickup_Hilde_Christmas","HeroGacha","JPL17_Summon_Pickup_Hilde_Christmas","Summon_Banner_Hilde_Christmas","","Schedule_HeroGacha","False"
"RollingMenu_Summon_Pickup_Sharon_Christmas","HeroGacha","JPL17_Summon_Pickup_Sharon_Christmas","Summon_Banner_Sharon_Christmas","","Schedule_HeroGacha","False"
"RollingMenu_Summon_RedFix_TenRoll","HeroGacha","Event_RedFix_TenRoll","Summon_Banner_RedFix_TenRoll","","Schedule_HeroGacha","False"
"RollingMenu_Summon_BlueFix_TenRoll","HeroGacha","Event_BlueFix_TenRoll","Summon_Banner_BlueFix_TenRoll","","Schedule_HeroGacha","False"
"RollingMenu_Summon_GuardianKnightFix","HeroGacha","Event_GuardianKnightFix_TenRoll","Summon_Banner_GuardianKnightFix_TenRoll","","Schedule_HeroGacha","False"
"RollingMenu_Summon_MageShooterFix","HeroGacha","Event_MageShooterFix_TenRoll","Summon_Banner_MageShooterFix_TenRoll","","Schedule_HeroGacha","False"
"RollingMenu_TotalWar_100001","TotalWar","TotalWar_Season001_Resh","TotalWar_Banner_Leshy","","Schedule_TotalWar","False"
"RollingMenu_TotalWar_100002","TotalWar","TotalWar_Season002_Zephyus","TotalWar_Banner_Zephyrus","","Schedule_TotalWar","False"
"RollingMenu_TotalWar_100003","TotalWar","TotalWar_Season003_Resh","TotalWar_Banner_Leshy","","Schedule_TotalWar","False"
"RollingMenu_TotalWar_100004","TotalWar","TotalWar_Season004_Zephyus","TotalWar_Banner_Zephyrus","","Schedule_TotalWar","False"
"RollingMenu_TotalWar_100005","TotalWar","TotalWar_Season005_Resh","TotalWar_Banner_Leshy","","Schedule_TotalWar","False"
"RollingMenu_TotalWar_100006","TotalWar","TotalWar_Season006_Zephyus","TotalWar_Banner_Zephyrus","","Schedule_TotalWar","False"
"RollingMenu_TotalWar_100007","TotalWar","TotalWar_Season007_Resh","TotalWar_Banner_Leshy","","Schedule_TotalWar","False"
"RollingMenu_TotalWar_100008","TotalWar","TotalWar_Season008_Zephyus","TotalWar_Banner_Zephyrus","","Schedule_TotalWar","False"
"RollingMenu_TotalWar_100009","TotalWar","TotalWar_Season009_Resh","TotalWar_Banner_Leshy","","Schedule_TotalWar","False"
"RollingMenu_TotalWar_100010","TotalWar","TotalWar_Season010_Zephyus","TotalWar_Banner_Zephyrus","","Schedule_TotalWar","False"
"RollingMenu_TotalWar_100011","TotalWar","TotalWar_Season011_Resh","TotalWar_Banner_Leshy","","Schedule_TotalWar","False"
"RollingMenu_TotalWar_100012","TotalWar","TotalWar_Season012_Zephyus","TotalWar_Banner_Zephyrus","","Schedule_TotalWar","False"
"RollingMenu_TotalWar_100013","TotalWar","TotalWar_Season013_Resh","TotalWar_Banner_Leshy","","Schedule_TotalWar","False"
"RollingMenu_TotalWar_100014","TotalWar","TotalWar_Season014_Zephyus","TotalWar_Banner_Zephyrus","","Schedule_TotalWar","False"
"RollingMenu_TotalWar_100015","TotalWar","TotalWar_Season015_Resh","TotalWar_Banner_Leshy","","Schedule_TotalWar","False"
"RollingMenu_TotalWar_100016","TotalWar","TotalWar_Season016_Zephyus","TotalWar_Banner_Zephyrus","","Schedule_TotalWar","False"
"RollingMenu_TotalWar_100017","TotalWar","TotalWar_Season017_Resh","TotalWar_Banner_Leshy","","Schedule_TotalWar","False"
"RollingMenu_TotalWar_100018","TotalWar","TotalWar_Season018_Zephyus","TotalWar_Banner_Zephyrus","","Schedule_TotalWar","False"
"RollingMenu_TotalWar_100019","TotalWar","TotalWar_Season019_Resh","TotalWar_Banner_Leshy","","Schedule_TotalWar","False"
"RollingMenu_TotalWar_100020","TotalWar","TotalWar_Season020_Zephyus","TotalWar_Banner_Zephyrus","","Schedule_TotalWar","False"
"RollingMenu_TotalWar_100021","TotalWar","TotalWar_Season021_Resh","TotalWar_Banner_Leshy","","Schedule_TotalWar","False"
"RollingMenu_TotalWar_100022","TotalWar","TotalWar_Season022_Zephyus","TotalWar_Banner_Zephyrus","","Schedule_TotalWar","False"
"RollingMenu_TotalWar_100023","TotalWar","TotalWar_Season023_Resh","TotalWar_Banner_Leshy","","Schedule_TotalWar","False"
"RollingMenu_TotalWar_100024","TotalWar","TotalWar_Season024_Zephyus","TotalWar_Banner_Zephyrus","","Schedule_TotalWar","False"
"RollingMenu_TotalWar_100025","TotalWar","TotalWar_Season025_Resh","TotalWar_Banner_Leshy","","Schedule_TotalWar","False"
"RollingMenu_TotalWar_100026","TotalWar","TotalWar_Season026_Zephyus","TotalWar_Banner_Zephyrus","","Schedule_TotalWar","False"
"RollingMenu_TotalWar_100027","TotalWar","TotalWar_Season027_Resh","TotalWar_Banner_Leshy","","Schedule_TotalWar","False"
"RollingMenu_TotalWar_100028","TotalWar","TotalWar_Season028_Zephyus","TotalWar_Banner_Zephyrus","","Schedule_TotalWar","False"
"RollingMenu_TotalWar_100029","TotalWar","TotalWar_Season029_Resh","TotalWar_Banner_Leshy","","Schedule_TotalWar","False"
"RollingMenu_TotalWar_100030","TotalWar","TotalWar_Season030_Zephyus","TotalWar_Banner_Zephyrus","","Schedule_TotalWar","False"
"RollingMenu_TotalWar_100031","TotalWar","TotalWar_Season031_Resh","TotalWar_Banner_Leshy","","Schedule_TotalWar","False"
"RollingMenu_TotalWar_100032","TotalWar","TotalWar_Season032_Zephyus","TotalWar_Banner_Zephyrus","","Schedule_TotalWar","False"
"RollingMenu_TotalWar_100033","TotalWar","TotalWar_Season033_Resh","TotalWar_Banner_Leshy","","Schedule_TotalWar","False"
"RollingMenu_TotalWar_100034","TotalWar","TotalWar_Season034_Zephyus","TotalWar_Banner_Zephyrus","","Schedule_TotalWar","False"
"RollingMenu_TotalWar_100035","TotalWar","TotalWar_Season035_Resh","TotalWar_Banner_Leshy","","Schedule_TotalWar","False"
"RollingMenu_TotalWar_100036","TotalWar","TotalWar_Season036_Zephyus","TotalWar_Banner_Zephyrus","","Schedule_TotalWar","False"
"RollingMenu_TotalWar_100037","TotalWar","TotalWar_Season037_Resh","TotalWar_Banner_Leshy","","Schedule_TotalWar","False"
"RollingMenu_TotalWar_100038","TotalWar","TotalWar_Season038_Zephyus","TotalWar_Banner_Zephyrus","","Schedule_TotalWar","False"
"RollingMenu_TotalWar_100039","TotalWar","TotalWar_Season039_Resh","TotalWar_Banner_Leshy","","Schedule_TotalWar","False"
"RollingMenu_TotalWar_100040","TotalWar","TotalWar_Season040_Zephyus","TotalWar_Banner_Zephyrus","","Schedule_TotalWar","False"
"RollingMenu_EventAdventure_MagicAcademy","EventGroup","EventGroup_EventAdventure_MessedUpMagicAcademy","EventAdventure_Banner_MessedUpMagicAcademy","EventAdventure_Icon_MessedUpMagicAcademy","Schedule_EventAdventure","True"
"RollingMenu_GuideMission_New_User","GuideMission","GuideMission_New_User","","SpecialMission_Icon_NewUser","Schedule_GuideMission","False"
"RollingMenu_GuideMission_Soldier_Growth","GuideMission","GuideMission_Soldier_Growth","","SpecialMission_Icon_Another_Growth_Mission","Schedule_GuideMission","False"
"RollingMenu_GuideMission_PracticeBook","GuideMission","GuideMission_PracticeBook","","GuideMission_Icon_PracticeBook","Schedule_GuideMission","False"
"RollingMenu_GuideMissionStackClear_2025_Hotspring","GuideMission","GuideMissionStackClear_2025_Hotspring","","MissionEvent_Icon_HotSpringCleaning","Schedule_GuideMission","False"
"RollingMenu_BattlePass_2025_Summer","BattlePass","BattlePass_2025_Summer","BattlePass_Banner_Summer01","BattlePass_Icon_Summer01","Schedule_BattlePass","False"
"RollingMenu_BattlePass_2025_Halloween","BattlePass","BattlePass_2025_Halloween","BattlePass_Banner_Halloween2025","BattlePass_Icon_Halloween2025","Schedule_BattlePass","False"
"RollingMenu_BattlePass_2025_Basic","BattlePass","BattlePass_2025_Basic","BattlePass_Banner_Basic","BattlePass_Icon_Basic","Schedule_BattlePass","False"
"RollingMenu_BattlePass_Basic","BattlePass","BattlePass_Basic","BattlePass_Banner_Basic","BattlePass_Icon_Basic","Schedule_BattlePass","False"
"RollingMenu_StepUp_A","StepUp","StepUp_A","StepUp_Banner_Basic","","Schedule_StepUp","False"
"RollingMenu_ApBoost_N001HeroGrowthBoost","EventGroup","EventGroup_EventApBoost_HeroGrowthBoost","","EventAPBoost_Icon_HeroGrowthBoost","Schedule_APBoost","False"
"RollingMenu_EventTileBreak_Halloween2025","EventGroup","EventGroup_EventTileBreak_Halloween2025","","MiniGameTileBreak_Icon_Halloween2025","Schedule_EventTileBreak","False"
"RollingMenu_EventAdventure_OceanSpa","EventGroup","EventGroup_EventAdventure_OceanSpa","EventAdventure_Banner_N002OceanSpa","EventAdventure_Icon_N002OceanSpa","Schedule_EventAdventure","True"
"RollingMenu_PracticeBook_100001","PracticeBook","PracticeBook_Season001","PracticeBook_Banner_Season","","Schedule_PracticeBook","True"
"RollingMenu_ChallengeMission_Xmas2025","EventGroup","EventGroup_EventObject_ChallengeMission_Xmas2025","","ChallengeMission_Icon_XMas2025","Schedule_ChallengeMission","False"
