"Stage_Normal_0001","Chapter_Normal_001","1","Normal","1","Stage_MissionGroup_0001","50","Adventure_Normal_FirstReword_1","400","800","","Adventure_RandomReword_Equip_Level1_1","Point_AP","10","None","","AD_N_P1_001_001","StudioDOMA_OZ_INGAME_DIRECTION_BGM_105_44_full_m_20230119.wav","AdventureModeParty","0","True"
"Stage_Normal_0002","Chapter_Normal_001","2","Normal","1","Stage_MissionGroup_0001","50","Adventure_Normal_FirstReword_2","400","800","","Adventure_RandomReword_Equip_Level1_1","Point_AP","10","StageClear","Stage_Normal_0001","AD_N_P1_001_002","StudioDOMA_OZ_INGAME_DIRECTION_BGM_105_44_full_m_20230119.wav","AdventureModeParty","0","True"
"Stage_Normal_0003","Chapter_Normal_001","3","Normal","1","Stage_MissionGroup_0001","50","Adventure_Normal_FirstReword_3","400","800","","Adventure_RandomReword_Equip_Level1_2","Point_AP","10","StageClear","Stage_Normal_0002","AD_N_P1_001_003","StudioDOMA_OZ_INGAME_DIRECTION_BGM_105_44_full_m_20230119.wav","AdventureModeParty","0","True"
"Stage_Normal_0004","Chapter_Normal_001","4","Normal","2","Stage_MissionGroup_0001","50","Adventure_Normal_FirstReword_4","400","800","","Adventure_RandomReword_Equip_Level1_2","Point_AP","10","StageClear","Stage_Normal_0003","AD_N_P1_001_004","StudioDOMA_OZ_INGAME_DIRECTION_BGM_105_44_full_m_20230119.wav","AdventureModeParty","0","True"
"Stage_Normal_0005","Chapter_Normal_001","5","MiddleBoss","2","Stage_MissionGroup_0001","50","Adventure_Normal_FirstReword_5","400","800","","Adventure_RandomReword_Equip_Level1_3","Point_AP","10","StageClear","Stage_Normal_0004","AD_N_P1_001_005","StudioDOMA_OZ_INGAME_DIRECTION_BGM_105_44_full_m_20230119.wav","AdventureModeParty","0","True"
"Stage_Normal_0006","Chapter_Normal_001","6","Normal","2","Stage_MissionGroup_0001","50","Adventure_Normal_FirstReword_6","400","800","","Adventure_RandomReword_Equip_Level1_3","Point_AP","10","StageClear","Stage_Normal_0005","AD_N_P1_001_006","StudioDOMA_OZ_INGAME_DIRECTION_BGM_105_44_full_m_20230119.wav","AdventureModeParty","0","True"
"Stage_Normal_0007","Chapter_Normal_001","7","Normal","3","Stage_MissionGroup_0001","50","Adventure_Normal_FirstReword_7","400","800","","Adventure_RandomReword_Equip_Level1_4","Point_AP","10","StageClear","Stage_Normal_0006","AD_N_P1_001_007","StudioDOMA_OZ_INGAME_DIRECTION_BGM_105_44_full_m_20230119.wav","AdventureModeParty","0","True"
"Stage_Normal_0008","Chapter_Normal_001","8","Normal","3","Stage_MissionGroup_0001","50","Adventure_Normal_FirstReword_8","400","800","","Adventure_RandomReword_Equip_Level1_4","Point_AP","10","StageClear","Stage_Normal_0007","AD_N_P1_001_008","StudioDOMA_OZ_INGAME_DIRECTION_BGM_105_44_full_m_20230119.wav","AdventureModeParty","0","True"
"Stage_Normal_0009","Chapter_Normal_001","9","Normal","3","Stage_MissionGroup_0001","50","Adventure_Normal_FirstReword_9","400","800","","Adventure_RandomReword_Equip_Level1_5","Point_AP","10","StageClear","Stage_Normal_0008","AD_N_P1_001_009","StudioDOMA_OZ_INGAME_DIRECTION_BGM_105_44_full_m_20230119.wav","AdventureModeParty","0","True"
"Stage_Normal_0010","Chapter_Normal_001","10","MiddleBoss","3","Stage_MissionGroup_0001","50","Adventure_Normal_FirstReword_10","400","800","","Adventure_RandomReword_Equip_Level1_5","Point_AP","10","StageClear","Stage_Normal_0009","AD_N_P1_001_010","StudioDOMA_OZ_INGAME_DIRECTION_BGM_105_44_full_m_20230119.wav","AdventureModeParty","0","True"
"Stage_Normal_0011","Chapter_Normal_001","11","Normal","4","Stage_MissionGroup_0001","50","Adventure_Normal_FirstReword_11","400","800","","Adventure_RandomReword_Equip_Level1_6","Point_AP","10","StageClear","Stage_Normal_0010","AD_N_P1_001_011","StudioDOMA_OZ_INGAME_DIRECTION_BGM_105_44_full_m_20230119.wav","AdventureModeParty","0","True"
"Stage_Normal_0012","Chapter_Normal_001","12","Normal","4","Stage_MissionGroup_0001","50","Adventure_Normal_FirstReword_12","400","800","","Adventure_RandomReword_Equip_Level1_6","Point_AP","10","StageClear","Stage_Normal_0011","AD_N_P1_001_012","StudioDOMA_OZ_INGAME_DIRECTION_BGM_105_44_full_m_20230119.wav","AdventureModeParty","0","True"
"Stage_Normal_0013","Chapter_Normal_001","13","Normal","4","Stage_MissionGroup_0001","50","Adventure_Normal_FirstReword_13","400","800","","Adventure_RandomReword_Equip_Level1_7","Point_AP","10","StageClear","Stage_Normal_0012","AD_N_P1_001_013","StudioDOMA_OZ_INGAME_DIRECTION_BGM_105_44_full_m_20230119.wav","AdventureModeParty","0","True"
"Stage_Normal_0014","Chapter_Normal_001","14","Normal","4","Stage_MissionGroup_0001","50","Adventure_Normal_FirstReword_14","400","800","","Adventure_RandomReword_Equip_Level1_7","Point_AP","10","StageClear","Stage_Normal_0013","AD_N_P1_001_014","StudioDOMA_OZ_INGAME_DIRECTION_BGM_105_44_full_m_20230119.wav","AdventureModeParty","0","True"
"Stage_Normal_0015","Chapter_Normal_001","15","Boss","5","Stage_MissionGroup_0001","50","Adventure_Normal_FirstReword_15","400","800","","Adventure_RandomReword_Equip_Level1_8","Point_AP","10","StageClear","Stage_Normal_0014","AD_N_P1_001_015","StudioDOMA_OZ_INGAME_DIRECTION_BGM_105_44_full_m_20230119.wav","AdventureModeParty","0","True"
"Stage_Normal_0016","Chapter_Normal_002","1","Normal","5","Stage_MissionGroup_0001","50","Adventure_Normal_FirstReword_16","400","800","","Adventure_RandomReword_Equip_Level1_8","Point_AP","10","StageClear","Stage_Normal_0015","AD_N_P1_002_001","StudioDOMA_OZ_INGAME_DIRECTION_BGM_105_44_full_m_20230119.wav","AdventureModeParty","0","True"
"Stage_Normal_0017","Chapter_Normal_002","2","Normal","5","Stage_MissionGroup_0001","50","Adventure_Normal_FirstReword_17","400","800","","Adventure_RandomReword_Equip_Level1_9","Point_AP","10","StageClear","Stage_Normal_0016","AD_N_P1_002_002","StudioDOMA_OZ_INGAME_DIRECTION_BGM_105_44_full_m_20230119.wav","AdventureModeParty","0","True"
"Stage_Normal_0018","Chapter_Normal_002","3","Normal","6","Stage_MissionGroup_0001","50","Adventure_Normal_FirstReword_18","400","800","","Adventure_RandomReword_Equip_Level1_9","Point_AP","10","StageClear","Stage_Normal_0017","AD_N_P1_002_003","StudioDOMA_OZ_INGAME_DIRECTION_BGM_105_44_full_m_20230119.wav","AdventureModeParty","0","True"
"Stage_Normal_0019","Chapter_Normal_002","4","Normal","6","Stage_MissionGroup_0001","50","Adventure_Normal_FirstReword_19","400","800","","Adventure_RandomReword_Equip_Level1_10","Point_AP","10","StageClear","Stage_Normal_0018","AD_N_P1_002_004","StudioDOMA_OZ_INGAME_DIRECTION_BGM_105_44_full_m_20230119.wav","AdventureModeParty","0","True"
"Stage_Normal_0020","Chapter_Normal_002","5","MiddleBoss","6","Stage_MissionGroup_0001","50","Adventure_Normal_FirstReword_20","400","800","","Adventure_RandomReword_Equip_Level1_10","Point_AP","10","StageClear","Stage_Normal_0019","AD_N_P1_002_005","StudioDOMA_OZ_INGAME_DIRECTION_BGM_105_44_full_m_20230119.wav","AdventureModeParty","0","True"
"Stage_Normal_0021","Chapter_Normal_002","6","Normal","7","Stage_MissionGroup_0001","50","Adventure_Normal_FirstReword_21","400","800","","Adventure_RandomReword_Equip_Level1_11","Point_AP","10","StageClear","Stage_Normal_0020","AD_N_P1_002_006","StudioDOMA_OZ_INGAME_DIRECTION_BGM_105_44_full_m_20230119.wav","AdventureModeParty","0","True"
"Stage_Normal_0022","Chapter_Normal_002","7","Normal","7","Stage_MissionGroup_0001","50","Adventure_Normal_FirstReword_22","400","800","","Adventure_RandomReword_Equip_Level1_11","Point_AP","10","StageClear","Stage_Normal_0021","AD_N_P1_002_007","StudioDOMA_OZ_INGAME_DIRECTION_BGM_105_44_full_m_20230119.wav","AdventureModeParty","0","True"
"Stage_Normal_0023","Chapter_Normal_002","8","Normal","7","Stage_MissionGroup_0001","50","Adventure_Normal_FirstReword_23","400","800","","Adventure_RandomReword_Equip_Level1_12","Point_AP","10","StageClear","Stage_Normal_0022","AD_N_P1_002_008","StudioDOMA_OZ_INGAME_DIRECTION_BGM_105_44_full_m_20230119.wav","AdventureModeParty","0","True"
"Stage_Normal_0024","Chapter_Normal_002","9","Normal","8","Stage_MissionGroup_0001","50","Adventure_Normal_FirstReword_24","400","800","","Adventure_RandomReword_Equip_Level1_12","Point_AP","10","StageClear","Stage_Normal_0023","AD_N_P1_002_009","StudioDOMA_OZ_INGAME_DIRECTION_BGM_105_44_full_m_20230119.wav","AdventureModeParty","0","True"
"Stage_Normal_0025","Chapter_Normal_002","10","MiddleBoss","8","Stage_MissionGroup_0001","50","Adventure_Normal_FirstReword_25","400","800","","Adventure_RandomReword_Equip_Level1_13","Point_AP","10","StageClear","Stage_Normal_0024","AD_N_P1_002_010","StudioDOMA_OZ_INGAME_DIRECTION_BGM_105_44_full_m_20230119.wav","AdventureModeParty","0","True"
"Stage_Normal_0026","Chapter_Normal_002","11","Normal","8","Stage_MissionGroup_0001","50","Adventure_Normal_FirstReword_26","400","800","","Adventure_RandomReword_Equip_Level1_13","Point_AP","10","StageClear","Stage_Normal_0025","AD_N_P1_002_011","StudioDOMA_OZ_INGAME_DIRECTION_BGM_105_44_full_m_20230119.wav","AdventureModeParty","0","True"
"Stage_Normal_0027","Chapter_Normal_002","12","Normal","9","Stage_MissionGroup_0001","50","Adventure_Normal_FirstReword_27","400","800","","Adventure_RandomReword_Equip_Level1_14","Point_AP","10","StageClear","Stage_Normal_0026","AD_N_P1_002_012","StudioDOMA_OZ_INGAME_DIRECTION_BGM_105_44_full_m_20230119.wav","AdventureModeParty","0","True"
"Stage_Normal_0028","Chapter_Normal_002","13","Normal","9","Stage_MissionGroup_0001","50","Adventure_Normal_FirstReword_28","400","800","","Adventure_RandomReword_Equip_Level1_14","Point_AP","10","StageClear","Stage_Normal_0027","AD_N_P1_002_013","StudioDOMA_OZ_INGAME_DIRECTION_BGM_105_44_full_m_20230119.wav","AdventureModeParty","0","True"
"Stage_Normal_0029","Chapter_Normal_002","14","Normal","9","Stage_MissionGroup_0001","50","Adventure_Normal_FirstReword_29","400","800","","Adventure_RandomReword_Equip_Level1_15","Point_AP","10","StageClear","Stage_Normal_0028","AD_N_P1_002_014","StudioDOMA_OZ_INGAME_DIRECTION_BGM_105_44_full_m_20230119.wav","AdventureModeParty","0","True"
"Stage_Normal_0030","Chapter_Normal_002","15","Boss","10","Stage_MissionGroup_0001","50","Adventure_Normal_FirstReword_30","400","800","","Adventure_RandomReword_Equip_Level1_15","Point_AP","10","StageClear","Stage_Normal_0029","AD_N_P1_002_015","StudioDOMA_OZ_INGAME_DIRECTION_BGM_105_44_full_m_20230119.wav","AdventureModeParty","0","True"
"Stage_Normal_0031","Chapter_Normal_003","1","Normal","10","Stage_MissionGroup_0001","50","Adventure_Normal_FirstReword_31","400","800","","Adventure_RandomReword_Class_Level1_1","Point_AP","10","StageClear","Stage_Normal_0030","AD_N_P1_003_001","StudioDOMA_OZ_INGAME_DIRECTION_BGM_105_44_full_m_20230119.wav","AdventureModeParty","0","True"
"Stage_Normal_0032","Chapter_Normal_003","2","Normal","10","Stage_MissionGroup_0001","50","Adventure_Normal_FirstReword_32","400","800","","Adventure_RandomReword_Class_Level1_2","Point_AP","10","StageClear","Stage_Normal_0031","AD_N_P1_003_002","StudioDOMA_OZ_INGAME_DIRECTION_BGM_105_44_full_m_20230119.wav","AdventureModeParty","0","True"
"Stage_Normal_0033","Chapter_Normal_003","3","Normal","11","Stage_MissionGroup_0001","50","Adventure_Normal_FirstReword_33","400","800","","Adventure_RandomReword_Class_Level1_3","Point_AP","10","StageClear","Stage_Normal_0032","AD_N_P1_003_003","StudioDOMA_OZ_INGAME_DIRECTION_BGM_105_44_full_m_20230119.wav","AdventureModeParty","0","True"
"Stage_Normal_0034","Chapter_Normal_003","4","Normal","11","Stage_MissionGroup_0001","50","Adventure_Normal_FirstReword_34","400","800","","Adventure_RandomReword_Class_Level1_4","Point_AP","10","StageClear","Stage_Normal_0033","AD_N_P1_003_004","StudioDOMA_OZ_INGAME_DIRECTION_BGM_105_44_full_m_20230119.wav","AdventureModeParty","0","True"
"Stage_Normal_0035","Chapter_Normal_003","5","MiddleBoss","11","Stage_MissionGroup_0001","50","Adventure_Normal_FirstReword_35","400","800","","Adventure_RandomReword_Class_Level1_5","Point_AP","10","StageClear","Stage_Normal_0034","AD_N_P1_003_005","StudioDOMA_OZ_INGAME_DIRECTION_BGM_105_44_full_m_20230119.wav","AdventureModeParty","0","True"
"Stage_Normal_0036","Chapter_Normal_003","6","Normal","12","Stage_MissionGroup_0001","50","Adventure_Normal_FirstReword_36","400","800","","Adventure_RandomReword_Class_Level1_6","Point_AP","10","StageClear","Stage_Normal_0035","AD_N_P1_003_006","StudioDOMA_OZ_INGAME_DIRECTION_BGM_105_44_full_m_20230119.wav","AdventureModeParty","0","True"
"Stage_Normal_0037","Chapter_Normal_003","7","Normal","12","Stage_MissionGroup_0001","50","Adventure_Normal_FirstReword_37","400","800","","Adventure_RandomReword_Class_Level1_7","Point_AP","10","StageClear","Stage_Normal_0036","AD_N_P1_003_007","StudioDOMA_OZ_INGAME_DIRECTION_BGM_105_44_full_m_20230119.wav","AdventureModeParty","0","True"
"Stage_Normal_0038","Chapter_Normal_003","8","Normal","12","Stage_MissionGroup_0001","50","Adventure_Normal_FirstReword_38","400","800","","Adventure_RandomReword_Class_Level1_8","Point_AP","10","StageClear","Stage_Normal_0037","AD_N_P1_003_008","StudioDOMA_OZ_INGAME_DIRECTION_BGM_105_44_full_m_20230119.wav","AdventureModeParty","0","True"
"Stage_Normal_0039","Chapter_Normal_003","9","Normal","13","Stage_MissionGroup_0001","50","Adventure_Normal_FirstReword_39","400","800","","Adventure_RandomReword_Class_Level1_1","Point_AP","10","StageClear","Stage_Normal_0038","AD_N_P1_003_009","StudioDOMA_OZ_INGAME_DIRECTION_BGM_105_44_full_m_20230119.wav","AdventureModeParty","0","True"
"Stage_Normal_0040","Chapter_Normal_003","10","MiddleBoss","13","Stage_MissionGroup_0001","50","Adventure_Normal_FirstReword_40","400","800","","Adventure_RandomReword_Class_Level1_2","Point_AP","10","StageClear","Stage_Normal_0039","AD_N_P1_003_010","StudioDOMA_OZ_INGAME_DIRECTION_BGM_105_44_full_m_20230119.wav","AdventureModeParty","0","True"
"Stage_Normal_0041","Chapter_Normal_003","11","Normal","13","Stage_MissionGroup_0001","50","Adventure_Normal_FirstReword_41","400","800","","Adventure_RandomReword_Class_Level1_3","Point_AP","10","StageClear","Stage_Normal_0040","AD_N_P1_003_011","StudioDOMA_OZ_INGAME_DIRECTION_BGM_105_44_full_m_20230119.wav","AdventureModeParty","0","True"
"Stage_Normal_0042","Chapter_Normal_003","12","Normal","14","Stage_MissionGroup_0001","50","Adventure_Normal_FirstReword_42","400","800","","Adventure_RandomReword_Class_Level1_4","Point_AP","10","StageClear","Stage_Normal_0041","AD_N_P1_003_012","StudioDOMA_OZ_INGAME_DIRECTION_BGM_105_44_full_m_20230119.wav","AdventureModeParty","0","True"
"Stage_Normal_0043","Chapter_Normal_003","13","Normal","14","Stage_MissionGroup_0001","50","Adventure_Normal_FirstReword_43","400","800","","Adventure_RandomReword_Class_Level1_5","Point_AP","10","StageClear","Stage_Normal_0042","AD_N_P1_003_013","StudioDOMA_OZ_INGAME_DIRECTION_BGM_105_44_full_m_20230119.wav","AdventureModeParty","0","True"
"Stage_Normal_0044","Chapter_Normal_003","14","Normal","14","Stage_MissionGroup_0001","50","Adventure_Normal_FirstReword_44","400","800","","Adventure_RandomReword_Class_Level1_6","Point_AP","10","StageClear","Stage_Normal_0043","AD_N_P1_003_014","StudioDOMA_OZ_INGAME_DIRECTION_BGM_105_44_full_m_20230119.wav","AdventureModeParty","0","True"
"Stage_Normal_0045","Chapter_Normal_003","15","Boss","15","Stage_MissionGroup_0001","50","Adventure_Normal_FirstReword_45","400","800","","Adventure_RandomReword_Class_Level1_7","Point_AP","10","StageClear","Stage_Normal_0044","AD_N_P1_003_015","StudioDOMA_OZ_INGAME_DIRECTION_BGM_105_44_full_m_20230119.wav","AdventureModeParty","0","True"
"Stage_Normal_0046","Chapter_Normal_004","1","Normal","15","Stage_MissionGroup_0001","50","Adventure_Normal_FirstReword_46","400","800","","Adventure_RandomReword_Equip_Level2_1","Point_AP","10","StageClear","Stage_Normal_0045","AD_N_P1_004_001","StudioDOMA_OZ_INGAME_DIRECTION_BGM_105_44_full_m_20230119.wav","AdventureModeParty","0","True"
"Stage_Normal_0047","Chapter_Normal_004","2","Normal","15","Stage_MissionGroup_0001","50","Adventure_Normal_FirstReword_47","400","800","","Adventure_RandomReword_Equip_Level2_1","Point_AP","10","StageClear","Stage_Normal_0046","AD_N_P1_004_002","StudioDOMA_OZ_INGAME_DIRECTION_BGM_105_44_full_m_20230119.wav","AdventureModeParty","0","True"
"Stage_Normal_0048","Chapter_Normal_004","3","Normal","16","Stage_MissionGroup_0001","50","Adventure_Normal_FirstReword_48","400","800","","Adventure_RandomReword_Equip_Level2_2","Point_AP","10","StageClear","Stage_Normal_0047","AD_N_P1_004_003","StudioDOMA_OZ_INGAME_DIRECTION_BGM_105_44_full_m_20230119.wav","AdventureModeParty","0","True"
"Stage_Normal_0049","Chapter_Normal_004","4","Normal","16","Stage_MissionGroup_0001","50","Adventure_Normal_FirstReword_49","400","800","","Adventure_RandomReword_Equip_Level2_2","Point_AP","10","StageClear","Stage_Normal_0048","AD_N_P1_004_004","StudioDOMA_OZ_INGAME_DIRECTION_BGM_105_44_full_m_20230119.wav","AdventureModeParty","0","True"
"Stage_Normal_0050","Chapter_Normal_004","5","MiddleBoss","16","Stage_MissionGroup_0001","50","Adventure_Normal_FirstReword_50","400","800","","Adventure_RandomReword_Equip_Level2_3","Point_AP","10","StageClear","Stage_Normal_0049","AD_N_P1_004_005","StudioDOMA_OZ_INGAME_DIRECTION_BGM_105_44_full_m_20230119.wav","AdventureModeParty","0","True"
"Stage_Normal_0051","Chapter_Normal_004","6","Normal","17","Stage_MissionGroup_0001","50","Adventure_Normal_FirstReword_51","400","800","","Adventure_RandomReword_Equip_Level2_3","Point_AP","10","StageClear","Stage_Normal_0050","AD_N_P1_004_006","StudioDOMA_OZ_INGAME_DIRECTION_BGM_105_44_full_m_20230119.wav","AdventureModeParty","0","True"
"Stage_Normal_0052","Chapter_Normal_004","7","Normal","17","Stage_MissionGroup_0001","50","Adventure_Normal_FirstReword_52","400","800","","Adventure_RandomReword_Equip_Level2_4","Point_AP","10","StageClear","Stage_Normal_0051","AD_N_P1_004_007","StudioDOMA_OZ_INGAME_DIRECTION_BGM_105_44_full_m_20230119.wav","AdventureModeParty","0","True"
"Stage_Normal_0053","Chapter_Normal_004","8","Normal","17","Stage_MissionGroup_0001","50","Adventure_Normal_FirstReword_53","400","800","","Adventure_RandomReword_Equip_Level2_4","Point_AP","10","StageClear","Stage_Normal_0052","AD_N_P1_004_008","StudioDOMA_OZ_INGAME_DIRECTION_BGM_105_44_full_m_20230119.wav","AdventureModeParty","0","True"
"Stage_Normal_0054","Chapter_Normal_004","9","Normal","18","Stage_MissionGroup_0001","50","Adventure_Normal_FirstReword_54","400","800","","Adventure_RandomReword_Equip_Level2_5","Point_AP","10","StageClear","Stage_Normal_0053","AD_N_P1_004_009","StudioDOMA_OZ_INGAME_DIRECTION_BGM_105_44_full_m_20230119.wav","AdventureModeParty","0","True"
"Stage_Normal_0055","Chapter_Normal_004","10","MiddleBoss","18","Stage_MissionGroup_0001","50","Adventure_Normal_FirstReword_55","400","800","","Adventure_RandomReword_Equip_Level2_5","Point_AP","10","StageClear","Stage_Normal_0054","AD_N_P1_004_010","StudioDOMA_OZ_INGAME_DIRECTION_BGM_105_44_full_m_20230119.wav","AdventureModeParty","0","True"
"Stage_Normal_0056","Chapter_Normal_004","11","Normal","18","Stage_MissionGroup_0001","50","Adventure_Normal_FirstReword_56","400","800","","Adventure_RandomReword_Equip_Level2_6","Point_AP","10","StageClear","Stage_Normal_0055","AD_N_P1_004_011","StudioDOMA_OZ_INGAME_DIRECTION_BGM_105_44_full_m_20230119.wav","AdventureModeParty","0","True"
"Stage_Normal_0057","Chapter_Normal_004","12","Normal","19","Stage_MissionGroup_0001","50","Adventure_Normal_FirstReword_57","400","800","","Adventure_RandomReword_Equip_Level2_6","Point_AP","10","StageClear","Stage_Normal_0056","AD_N_P1_004_012","StudioDOMA_OZ_INGAME_DIRECTION_BGM_105_44_full_m_20230119.wav","AdventureModeParty","0","True"
"Stage_Normal_0058","Chapter_Normal_004","13","Normal","19","Stage_MissionGroup_0001","50","Adventure_Normal_FirstReword_58","400","800","","Adventure_RandomReword_Equip_Level2_7","Point_AP","10","StageClear","Stage_Normal_0057","AD_N_P1_004_013","StudioDOMA_OZ_INGAME_DIRECTION_BGM_105_44_full_m_20230119.wav","AdventureModeParty","0","True"
"Stage_Normal_0059","Chapter_Normal_004","14","Normal","19","Stage_MissionGroup_0001","50","Adventure_Normal_FirstReword_59","400","800","","Adventure_RandomReword_Equip_Level2_7","Point_AP","10","StageClear","Stage_Normal_0058","AD_N_P1_004_014","StudioDOMA_OZ_INGAME_DIRECTION_BGM_105_44_full_m_20230119.wav","AdventureModeParty","0","True"
"Stage_Normal_0060","Chapter_Normal_004","15","Boss","20","Stage_MissionGroup_0001","50","Adventure_Normal_FirstReword_60","400","800","","Adventure_RandomReword_Equip_Level2_8","Point_AP","10","StageClear","Stage_Normal_0059","AD_N_P1_004_015","StudioDOMA_OZ_INGAME_DIRECTION_BGM_105_44_full_m_20230119.wav","AdventureModeParty","0","True"
"Stage_Normal_0061","Chapter_Normal_005","1","Normal","20","Stage_MissionGroup_0001","50","Adventure_Normal_FirstReword_61","400","800","","Adventure_RandomReword_Equip_Level2_8","Point_AP","10","StageClear","Stage_Normal_0060","AD_N_P2_001_001","StudioDOMA_OZ_INGAME_DIRECTION_BGM_105_44_full_m_20230119.wav","AdventureModeParty","0","True"
"Stage_Normal_0062","Chapter_Normal_005","2","Normal","20","Stage_MissionGroup_0001","50","Adventure_Normal_FirstReword_62","400","800","","Adventure_RandomReword_Equip_Level2_9","Point_AP","10","StageClear","Stage_Normal_0061","AD_N_P2_001_002","StudioDOMA_OZ_INGAME_DIRECTION_BGM_105_44_full_m_20230119.wav","AdventureModeParty","0","True"
"Stage_Normal_0063","Chapter_Normal_005","3","Normal","21","Stage_MissionGroup_0001","50","Adventure_Normal_FirstReword_63","400","800","","Adventure_RandomReword_Equip_Level2_9","Point_AP","10","StageClear","Stage_Normal_0062","AD_N_P2_001_003","StudioDOMA_OZ_INGAME_DIRECTION_BGM_105_44_full_m_20230119.wav","AdventureModeParty","0","True"
"Stage_Normal_0064","Chapter_Normal_005","4","Normal","21","Stage_MissionGroup_0001","50","Adventure_Normal_FirstReword_64","400","800","","Adventure_RandomReword_Equip_Level2_10","Point_AP","10","StageClear","Stage_Normal_0063","AD_N_P2_001_004","StudioDOMA_OZ_INGAME_DIRECTION_BGM_105_44_full_m_20230119.wav","AdventureModeParty","0","True"
"Stage_Normal_0065","Chapter_Normal_005","5","MiddleBoss","21","Stage_MissionGroup_0001","50","Adventure_Normal_FirstReword_65","400","800","","Adventure_RandomReword_Equip_Level2_10","Point_AP","10","StageClear","Stage_Normal_0064","AD_N_P2_001_005","StudioDOMA_OZ_INGAME_DIRECTION_BGM_105_44_full_m_20230119.wav","AdventureModeParty","0","True"
"Stage_Normal_0066","Chapter_Normal_005","6","Normal","22","Stage_MissionGroup_0001","50","Adventure_Normal_FirstReword_66","400","800","","Adventure_RandomReword_Equip_Level2_11","Point_AP","10","StageClear","Stage_Normal_0065","AD_N_P2_001_006","StudioDOMA_OZ_INGAME_DIRECTION_BGM_105_44_full_m_20230119.wav","AdventureModeParty","0","True"
"Stage_Normal_0067","Chapter_Normal_005","7","Normal","22","Stage_MissionGroup_0001","50","Adventure_Normal_FirstReword_67","400","800","","Adventure_RandomReword_Equip_Level2_11","Point_AP","10","StageClear","Stage_Normal_0066","AD_N_P2_001_007","StudioDOMA_OZ_INGAME_DIRECTION_BGM_105_44_full_m_20230119.wav","AdventureModeParty","0","True"
"Stage_Normal_0068","Chapter_Normal_005","8","Normal","22","Stage_MissionGroup_0001","50","Adventure_Normal_FirstReword_68","400","800","","Adventure_RandomReword_Equip_Level2_12","Point_AP","10","StageClear","Stage_Normal_0067","AD_N_P2_001_008","StudioDOMA_OZ_INGAME_DIRECTION_BGM_105_44_full_m_20230119.wav","AdventureModeParty","0","True"
"Stage_Normal_0069","Chapter_Normal_005","9","Normal","23","Stage_MissionGroup_0001","50","Adventure_Normal_FirstReword_69","400","800","","Adventure_RandomReword_Equip_Level2_12","Point_AP","10","StageClear","Stage_Normal_0068","AD_N_P2_001_009","StudioDOMA_OZ_INGAME_DIRECTION_BGM_105_44_full_m_20230119.wav","AdventureModeParty","0","True"
"Stage_Normal_0070","Chapter_Normal_005","10","MiddleBoss","23","Stage_MissionGroup_0001","50","Adventure_Normal_FirstReword_70","400","800","","Adventure_RandomReword_Equip_Level2_13","Point_AP","10","StageClear","Stage_Normal_0069","AD_N_P2_001_010","StudioDOMA_OZ_INGAME_DIRECTION_BGM_105_44_full_m_20230119.wav","AdventureModeParty","0","True"
"Stage_Normal_0071","Chapter_Normal_005","11","Normal","23","Stage_MissionGroup_0001","50","Adventure_Normal_FirstReword_71","400","800","","Adventure_RandomReword_Equip_Level2_13","Point_AP","10","StageClear","Stage_Normal_0070","AD_N_P2_001_011","StudioDOMA_OZ_INGAME_DIRECTION_BGM_105_44_full_m_20230119.wav","AdventureModeParty","0","True"
"Stage_Normal_0072","Chapter_Normal_005","12","Normal","24","Stage_MissionGroup_0001","50","Adventure_Normal_FirstReword_72","400","800","","Adventure_RandomReword_Equip_Level2_14","Point_AP","10","StageClear","Stage_Normal_0071","AD_N_P2_001_012","StudioDOMA_OZ_INGAME_DIRECTION_BGM_105_44_full_m_20230119.wav","AdventureModeParty","0","True"
"Stage_Normal_0073","Chapter_Normal_005","13","Normal","24","Stage_MissionGroup_0001","50","Adventure_Normal_FirstReword_73","400","800","","Adventure_RandomReword_Equip_Level2_14","Point_AP","10","StageClear","Stage_Normal_0072","AD_N_P2_001_013","StudioDOMA_OZ_INGAME_DIRECTION_BGM_105_44_full_m_20230119.wav","AdventureModeParty","0","True"
"Stage_Normal_0074","Chapter_Normal_005","14","Normal","24","Stage_MissionGroup_0001","50","Adventure_Normal_FirstReword_74","400","800","","Adventure_RandomReword_Equip_Level2_15","Point_AP","10","StageClear","Stage_Normal_0073","AD_N_P2_001_014","StudioDOMA_OZ_INGAME_DIRECTION_BGM_105_44_full_m_20230119.wav","AdventureModeParty","0","True"
"Stage_Normal_0075","Chapter_Normal_005","15","Boss","25","Stage_MissionGroup_0001","50","Adventure_Normal_FirstReword_75","400","800","","Adventure_RandomReword_Equip_Level2_15","Point_AP","10","StageClear","Stage_Normal_0074","AD_N_P2_001_015","StudioDOMA_OZ_INGAME_DIRECTION_BGM_105_44_full_m_20230119.wav","AdventureModeParty","0","True"
"Stage_Normal_0076","Chapter_Normal_006","1","Normal","25","Stage_MissionGroup_0001","50","Adventure_Normal_FirstReword_76","400","800","","Adventure_RandomReword_Class_Level1_1","Point_AP","10","StageClear","Stage_Normal_0075","AD_N_P2_002_001","StudioDOMA_OZ_INGAME_DIRECTION_BGM_105_44_full_m_20230119.wav","AdventureModeParty","0","True"
"Stage_Normal_0077","Chapter_Normal_006","2","Normal","25","Stage_MissionGroup_0001","50","Adventure_Normal_FirstReword_77","400","800","","Adventure_RandomReword_Class_Level1_2","Point_AP","10","StageClear","Stage_Normal_0076","AD_N_P2_002_002","StudioDOMA_OZ_INGAME_DIRECTION_BGM_105_44_full_m_20230119.wav","AdventureModeParty","0","True"
"Stage_Normal_0078","Chapter_Normal_006","3","Normal","26","Stage_MissionGroup_0001","50","Adventure_Normal_FirstReword_78","400","800","","Adventure_RandomReword_Class_Level1_3","Point_AP","10","StageClear","Stage_Normal_0077","AD_N_P2_002_003","StudioDOMA_OZ_INGAME_DIRECTION_BGM_105_44_full_m_20230119.wav","AdventureModeParty","0","True"
"Stage_Normal_0079","Chapter_Normal_006","4","Normal","26","Stage_MissionGroup_0001","50","Adventure_Normal_FirstReword_79","400","800","","Adventure_RandomReword_Class_Level1_4","Point_AP","10","StageClear","Stage_Normal_0078","AD_N_P2_002_004","StudioDOMA_OZ_INGAME_DIRECTION_BGM_105_44_full_m_20230119.wav","AdventureModeParty","0","True"
"Stage_Normal_0080","Chapter_Normal_006","5","MiddleBoss","26","Stage_MissionGroup_0001","50","Adventure_Normal_FirstReword_80","400","800","","Adventure_RandomReword_Class_Level1_5","Point_AP","10","StageClear","Stage_Normal_0079","AD_N_P2_002_005","StudioDOMA_OZ_INGAME_DIRECTION_BGM_105_44_full_m_20230119.wav","AdventureModeParty","0","True"
"Stage_Normal_0081","Chapter_Normal_006","6","Normal","27","Stage_MissionGroup_0001","50","Adventure_Normal_FirstReword_81","400","800","","Adventure_RandomReword_Class_Level1_6","Point_AP","10","StageClear","Stage_Normal_0080","AD_N_P2_002_006","StudioDOMA_OZ_INGAME_DIRECTION_BGM_105_44_full_m_20230119.wav","AdventureModeParty","0","True"
"Stage_Normal_0082","Chapter_Normal_006","7","Normal","27","Stage_MissionGroup_0001","50","Adventure_Normal_FirstReword_82","400","800","","Adventure_RandomReword_Class_Level1_7","Point_AP","10","StageClear","Stage_Normal_0081","AD_N_P2_002_007","StudioDOMA_OZ_INGAME_DIRECTION_BGM_105_44_full_m_20230119.wav","AdventureModeParty","0","True"
"Stage_Normal_0083","Chapter_Normal_006","8","Normal","27","Stage_MissionGroup_0001","50","Adventure_Normal_FirstReword_83","400","800","","Adventure_RandomReword_Class_Level1_8","Point_AP","10","StageClear","Stage_Normal_0082","AD_N_P2_002_008","StudioDOMA_OZ_INGAME_DIRECTION_BGM_105_44_full_m_20230119.wav","AdventureModeParty","0","True"
"Stage_Normal_0084","Chapter_Normal_006","9","Normal","28","Stage_MissionGroup_0001","50","Adventure_Normal_FirstReword_84","400","800","","Adventure_RandomReword_Class_Level1_1","Point_AP","10","StageClear","Stage_Normal_0083","AD_N_P2_002_009","StudioDOMA_OZ_INGAME_DIRECTION_BGM_105_44_full_m_20230119.wav","AdventureModeParty","0","True"
"Stage_Normal_0085","Chapter_Normal_006","10","MiddleBoss","28","Stage_MissionGroup_0001","50","Adventure_Normal_FirstReword_85","400","800","","Adventure_RandomReword_Class_Level1_2","Point_AP","10","StageClear","Stage_Normal_0084","AD_N_P2_002_010","StudioDOMA_OZ_INGAME_DIRECTION_BGM_105_44_full_m_20230119.wav","AdventureModeParty","0","True"
"Stage_Normal_0086","Chapter_Normal_006","11","Normal","28","Stage_MissionGroup_0001","50","Adventure_Normal_FirstReword_86","400","800","","Adventure_RandomReword_Class_Level1_3","Point_AP","10","StageClear","Stage_Normal_0085","AD_N_P2_002_011","StudioDOMA_OZ_INGAME_DIRECTION_BGM_105_44_full_m_20230119.wav","AdventureModeParty","0","True"
"Stage_Normal_0087","Chapter_Normal_006","12","Normal","29","Stage_MissionGroup_0001","50","Adventure_Normal_FirstReword_87","400","800","","Adventure_RandomReword_Class_Level1_4","Point_AP","10","StageClear","Stage_Normal_0086","AD_N_P2_002_012","StudioDOMA_OZ_INGAME_DIRECTION_BGM_105_44_full_m_20230119.wav","AdventureModeParty","0","True"
"Stage_Normal_0088","Chapter_Normal_006","13","Normal","29","Stage_MissionGroup_0001","50","Adventure_Normal_FirstReword_88","400","800","","Adventure_RandomReword_Class_Level1_5","Point_AP","10","StageClear","Stage_Normal_0087","AD_N_P2_002_013","StudioDOMA_OZ_INGAME_DIRECTION_BGM_105_44_full_m_20230119.wav","AdventureModeParty","0","True"
"Stage_Normal_0089","Chapter_Normal_006","14","Normal","29","Stage_MissionGroup_0001","50","Adventure_Normal_FirstReword_89","400","800","","Adventure_RandomReword_Class_Level1_6","Point_AP","10","StageClear","Stage_Normal_0088","AD_N_P2_002_014","StudioDOMA_OZ_INGAME_DIRECTION_BGM_105_44_full_m_20230119.wav","AdventureModeParty","0","True"
"Stage_Normal_0090","Chapter_Normal_006","15","Boss","30","Stage_MissionGroup_0001","50","Adventure_Normal_FirstReword_90","400","800","","Adventure_RandomReword_Class_Level1_7","Point_AP","10","StageClear","Stage_Normal_0089","AD_N_P2_002_015","StudioDOMA_OZ_INGAME_DIRECTION_BGM_105_44_full_m_20230119.wav","AdventureModeParty","0","True"
"Stage_Normal_0091","Chapter_Normal_007","1","Normal","30","Stage_MissionGroup_0001","50","Adventure_Normal_FirstReword_91","400","800","","Adventure_RandomReword_Equip_Level3_1","Point_AP","10","StageClear","Stage_Normal_0090","AD_N_P2_003_001","StudioDOMA_OZ_INGAME_DIRECTION_BGM_105_44_full_m_20230119.wav","AdventureModeParty","0","True"
"Stage_Normal_0092","Chapter_Normal_007","2","Normal","30","Stage_MissionGroup_0001","50","Adventure_Normal_FirstReword_92","400","800","","Adventure_RandomReword_Equip_Level3_1","Point_AP","10","StageClear","Stage_Normal_0091","AD_N_P2_003_002","StudioDOMA_OZ_INGAME_DIRECTION_BGM_105_44_full_m_20230119.wav","AdventureModeParty","0","True"
"Stage_Normal_0093","Chapter_Normal_007","3","Normal","31","Stage_MissionGroup_0001","50","Adventure_Normal_FirstReword_93","400","800","","Adventure_RandomReword_Equip_Level3_2","Point_AP","10","StageClear","Stage_Normal_0092","AD_N_P2_003_003","StudioDOMA_OZ_INGAME_DIRECTION_BGM_105_44_full_m_20230119.wav","AdventureModeParty","0","True"
"Stage_Normal_0094","Chapter_Normal_007","4","Normal","31","Stage_MissionGroup_0001","50","Adventure_Normal_FirstReword_94","400","800","","Adventure_RandomReword_Equip_Level3_2","Point_AP","10","StageClear","Stage_Normal_0093","AD_N_P2_003_004","StudioDOMA_OZ_INGAME_DIRECTION_BGM_105_44_full_m_20230119.wav","AdventureModeParty","0","True"
"Stage_Normal_0095","Chapter_Normal_007","5","MiddleBoss","31","Stage_MissionGroup_0001","50","Adventure_Normal_FirstReword_95","400","800","","Adventure_RandomReword_Equip_Level3_3","Point_AP","10","StageClear","Stage_Normal_0094","AD_N_P2_003_005","StudioDOMA_OZ_INGAME_DIRECTION_BGM_105_44_full_m_20230119.wav","AdventureModeParty","0","True"
"Stage_Normal_0096","Chapter_Normal_007","6","Normal","32","Stage_MissionGroup_0001","50","Adventure_Normal_FirstReword_96","400","800","","Adventure_RandomReword_Equip_Level3_3","Point_AP","10","StageClear","Stage_Normal_0095","AD_N_P2_003_006","StudioDOMA_OZ_INGAME_DIRECTION_BGM_105_44_full_m_20230119.wav","AdventureModeParty","0","True"
"Stage_Normal_0097","Chapter_Normal_007","7","Normal","32","Stage_MissionGroup_0001","50","Adventure_Normal_FirstReword_97","400","800","","Adventure_RandomReword_Equip_Level3_4","Point_AP","10","StageClear","Stage_Normal_0096","AD_N_P2_003_007","StudioDOMA_OZ_INGAME_DIRECTION_BGM_105_44_full_m_20230119.wav","AdventureModeParty","0","True"
"Stage_Normal_0098","Chapter_Normal_007","8","Normal","32","Stage_MissionGroup_0001","50","Adventure_Normal_FirstReword_98","400","800","","Adventure_RandomReword_Equip_Level3_4","Point_AP","10","StageClear","Stage_Normal_0097","AD_N_P2_003_008","StudioDOMA_OZ_INGAME_DIRECTION_BGM_105_44_full_m_20230119.wav","AdventureModeParty","0","True"
"Stage_Normal_0099","Chapter_Normal_007","9","Normal","33","Stage_MissionGroup_0001","50","Adventure_Normal_FirstReword_99","400","800","","Adventure_RandomReword_Equip_Level3_5","Point_AP","10","StageClear","Stage_Normal_0098","AD_N_P2_003_009","StudioDOMA_OZ_INGAME_DIRECTION_BGM_105_44_full_m_20230119.wav","AdventureModeParty","0","True"
"Stage_Normal_0100","Chapter_Normal_007","10","MiddleBoss","33","Stage_MissionGroup_0001","50","Adventure_Normal_FirstReword_100","400","800","","Adventure_RandomReword_Equip_Level3_5","Point_AP","10","StageClear","Stage_Normal_0099","AD_N_P2_003_010","StudioDOMA_OZ_INGAME_DIRECTION_BGM_105_44_full_m_20230119.wav","AdventureModeParty","0","True"
"Stage_Normal_0101","Chapter_Normal_007","11","Normal","33","Stage_MissionGroup_0001","50","Adventure_Normal_FirstReword_101","400","800","","Adventure_RandomReword_Equip_Level3_6","Point_AP","10","StageClear","Stage_Normal_0100","AD_N_P2_003_011","StudioDOMA_OZ_INGAME_DIRECTION_BGM_105_44_full_m_20230119.wav","AdventureModeParty","0","True"
"Stage_Normal_0102","Chapter_Normal_007","12","Normal","34","Stage_MissionGroup_0001","50","Adventure_Normal_FirstReword_102","400","800","","Adventure_RandomReword_Equip_Level3_6","Point_AP","10","StageClear","Stage_Normal_0101","AD_N_P2_003_012","StudioDOMA_OZ_INGAME_DIRECTION_BGM_105_44_full_m_20230119.wav","AdventureModeParty","0","True"
"Stage_Normal_0103","Chapter_Normal_007","13","Normal","34","Stage_MissionGroup_0001","50","Adventure_Normal_FirstReword_103","400","800","","Adventure_RandomReword_Equip_Level3_7","Point_AP","10","StageClear","Stage_Normal_0102","AD_N_P2_003_013","StudioDOMA_OZ_INGAME_DIRECTION_BGM_105_44_full_m_20230119.wav","AdventureModeParty","0","True"
"Stage_Normal_0104","Chapter_Normal_007","14","Normal","34","Stage_MissionGroup_0001","50","Adventure_Normal_FirstReword_104","400","800","","Adventure_RandomReword_Equip_Level3_7","Point_AP","10","StageClear","Stage_Normal_0103","AD_N_P2_003_014","StudioDOMA_OZ_INGAME_DIRECTION_BGM_105_44_full_m_20230119.wav","AdventureModeParty","0","True"
"Stage_Normal_0105","Chapter_Normal_007","15","Boss","35","Stage_MissionGroup_0001","50","Adventure_Normal_FirstReword_105","400","800","","Adventure_RandomReword_Equip_Level3_8","Point_AP","10","StageClear","Stage_Normal_0104","AD_N_P2_003_015","StudioDOMA_OZ_INGAME_DIRECTION_BGM_105_44_full_m_20230119.wav","AdventureModeParty","0","True"
"Stage_Normal_0106","Chapter_Normal_008","1","Normal","35","Stage_MissionGroup_0001","50","Adventure_Normal_FirstReword_106","400","800","","Adventure_RandomReword_Equip_Level3_8","Point_AP","10","StageClear","Stage_Normal_0105","AD_N_P2_004_001","StudioDOMA_OZ_INGAME_DIRECTION_BGM_105_44_full_m_20230119.wav","AdventureModeParty","0","True"
"Stage_Normal_0107","Chapter_Normal_008","2","Normal","35","Stage_MissionGroup_0001","50","Adventure_Normal_FirstReword_107","400","800","","Adventure_RandomReword_Equip_Level3_9","Point_AP","10","StageClear","Stage_Normal_0106","AD_N_P2_004_002","StudioDOMA_OZ_INGAME_DIRECTION_BGM_105_44_full_m_20230119.wav","AdventureModeParty","0","True"
"Stage_Normal_0108","Chapter_Normal_008","3","Normal","36","Stage_MissionGroup_0001","50","Adventure_Normal_FirstReword_108","400","800","","Adventure_RandomReword_Equip_Level3_9","Point_AP","10","StageClear","Stage_Normal_0107","AD_N_P2_004_003","StudioDOMA_OZ_INGAME_DIRECTION_BGM_105_44_full_m_20230119.wav","AdventureModeParty","0","True"
"Stage_Normal_0109","Chapter_Normal_008","4","Normal","36","Stage_MissionGroup_0001","50","Adventure_Normal_FirstReword_109","400","800","","Adventure_RandomReword_Equip_Level3_10","Point_AP","10","StageClear","Stage_Normal_0108","AD_N_P2_004_004","StudioDOMA_OZ_INGAME_DIRECTION_BGM_105_44_full_m_20230119.wav","AdventureModeParty","0","True"
"Stage_Normal_0110","Chapter_Normal_008","5","MiddleBoss","36","Stage_MissionGroup_0001","50","Adventure_Normal_FirstReword_110","400","800","","Adventure_RandomReword_Equip_Level3_10","Point_AP","10","StageClear","Stage_Normal_0109","AD_N_P2_004_005","StudioDOMA_OZ_INGAME_DIRECTION_BGM_105_44_full_m_20230119.wav","AdventureModeParty","0","True"
"Stage_Normal_0111","Chapter_Normal_008","6","Normal","37","Stage_MissionGroup_0001","50","Adventure_Normal_FirstReword_111","400","800","","Adventure_RandomReword_Equip_Level3_11","Point_AP","10","StageClear","Stage_Normal_0110","AD_N_P2_004_006","StudioDOMA_OZ_INGAME_DIRECTION_BGM_105_44_full_m_20230119.wav","AdventureModeParty","0","True"
"Stage_Normal_0112","Chapter_Normal_008","7","Normal","37","Stage_MissionGroup_0001","50","Adventure_Normal_FirstReword_112","400","800","","Adventure_RandomReword_Equip_Level3_11","Point_AP","10","StageClear","Stage_Normal_0111","AD_N_P2_004_007","StudioDOMA_OZ_INGAME_DIRECTION_BGM_105_44_full_m_20230119.wav","AdventureModeParty","0","True"
"Stage_Normal_0113","Chapter_Normal_008","8","Normal","37","Stage_MissionGroup_0001","50","Adventure_Normal_FirstReword_113","400","800","","Adventure_RandomReword_Equip_Level3_12","Point_AP","10","StageClear","Stage_Normal_0112","AD_N_P2_004_008","StudioDOMA_OZ_INGAME_DIRECTION_BGM_105_44_full_m_20230119.wav","AdventureModeParty","0","True"
"Stage_Normal_0114","Chapter_Normal_008","9","Normal","38","Stage_MissionGroup_0001","50","Adventure_Normal_FirstReword_114","400","800","","Adventure_RandomReword_Equip_Level3_12","Point_AP","10","StageClear","Stage_Normal_0113","AD_N_P2_004_009","StudioDOMA_OZ_INGAME_DIRECTION_BGM_105_44_full_m_20230119.wav","AdventureModeParty","0","True"
"Stage_Normal_0115","Chapter_Normal_008","10","MiddleBoss","38","Stage_MissionGroup_0001","50","Adventure_Normal_FirstReword_115","400","800","","Adventure_RandomReword_Equip_Level3_13","Point_AP","10","StageClear","Stage_Normal_0114","AD_N_P2_004_010","StudioDOMA_OZ_INGAME_DIRECTION_BGM_105_44_full_m_20230119.wav","AdventureModeParty","0","True"
"Stage_Normal_0116","Chapter_Normal_008","11","Normal","38","Stage_MissionGroup_0001","50","Adventure_Normal_FirstReword_116","400","800","","Adventure_RandomReword_Equip_Level3_13","Point_AP","10","StageClear","Stage_Normal_0115","AD_N_P2_004_011","StudioDOMA_OZ_INGAME_DIRECTION_BGM_105_44_full_m_20230119.wav","AdventureModeParty","0","True"
"Stage_Normal_0117","Chapter_Normal_008","12","Normal","39","Stage_MissionGroup_0001","50","Adventure_Normal_FirstReword_117","400","800","","Adventure_RandomReword_Equip_Level3_14","Point_AP","10","StageClear","Stage_Normal_0116","AD_N_P2_004_012","StudioDOMA_OZ_INGAME_DIRECTION_BGM_105_44_full_m_20230119.wav","AdventureModeParty","0","True"
"Stage_Normal_0118","Chapter_Normal_008","13","Normal","39","Stage_MissionGroup_0001","50","Adventure_Normal_FirstReword_118","400","800","","Adventure_RandomReword_Equip_Level3_14","Point_AP","10","StageClear","Stage_Normal_0117","AD_N_P2_004_013","StudioDOMA_OZ_INGAME_DIRECTION_BGM_105_44_full_m_20230119.wav","AdventureModeParty","0","True"
"Stage_Normal_0119","Chapter_Normal_008","14","Normal","39","Stage_MissionGroup_0001","50","Adventure_Normal_FirstReword_119","400","800","","Adventure_RandomReword_Equip_Level3_15","Point_AP","10","StageClear","Stage_Normal_0118","AD_N_P2_004_014","StudioDOMA_OZ_INGAME_DIRECTION_BGM_105_44_full_m_20230119.wav","AdventureModeParty","0","True"
"Stage_Normal_0120","Chapter_Normal_008","15","Boss","40","Stage_MissionGroup_0001","50","Adventure_Normal_FirstReword_120","400","800","","Adventure_RandomReword_Equip_Level3_15","Point_AP","10","StageClear","Stage_Normal_0119","AD_N_P2_004_015","StudioDOMA_OZ_INGAME_DIRECTION_BGM_105_44_full_m_20230119.wav","AdventureModeParty","0","True"
"Stage_Normal_0121","Chapter_Normal_009","1","Normal","40","Stage_MissionGroup_0001","50","Adventure_Normal_FirstReword_121","400","800","","Adventure_RandomReword_Class_Level2_1","Point_AP","10","StageClear","Stage_Normal_0120","AD_N_P3_001_001","StudioDOMA_OZ_INGAME_DIRECTION_BGM_105_44_full_m_20230119.wav","AdventureModeParty","0","True"
"Stage_Normal_0122","Chapter_Normal_009","2","Normal","40","Stage_MissionGroup_0001","50","Adventure_Normal_FirstReword_122","400","800","","Adventure_RandomReword_Class_Level2_2","Point_AP","10","StageClear","Stage_Normal_0121","AD_N_P3_001_002","StudioDOMA_OZ_INGAME_DIRECTION_BGM_105_44_full_m_20230119.wav","AdventureModeParty","0","True"
"Stage_Normal_0123","Chapter_Normal_009","3","Normal","41","Stage_MissionGroup_0001","50","Adventure_Normal_FirstReword_123","400","800","","Adventure_RandomReword_Class_Level2_3","Point_AP","10","StageClear","Stage_Normal_0122","AD_N_P3_001_003","StudioDOMA_OZ_INGAME_DIRECTION_BGM_105_44_full_m_20230119.wav","AdventureModeParty","0","True"
"Stage_Normal_0124","Chapter_Normal_009","4","Normal","41","Stage_MissionGroup_0001","50","Adventure_Normal_FirstReword_124","400","800","","Adventure_RandomReword_Class_Level2_4","Point_AP","10","StageClear","Stage_Normal_0123","AD_N_P3_001_004","StudioDOMA_OZ_INGAME_DIRECTION_BGM_105_44_full_m_20230119.wav","AdventureModeParty","0","True"
"Stage_Normal_0125","Chapter_Normal_009","5","MiddleBoss","41","Stage_MissionGroup_0001","50","Adventure_Normal_FirstReword_125","400","800","","Adventure_RandomReword_Class_Level2_5","Point_AP","10","StageClear","Stage_Normal_0124","AD_N_P3_001_005","StudioDOMA_OZ_INGAME_DIRECTION_BGM_105_44_full_m_20230119.wav","AdventureModeParty","0","True"
"Stage_Normal_0126","Chapter_Normal_009","6","Normal","42","Stage_MissionGroup_0001","50","Adventure_Normal_FirstReword_126","400","800","","Adventure_RandomReword_Class_Level2_6","Point_AP","10","StageClear","Stage_Normal_0125","AD_N_P3_001_006","StudioDOMA_OZ_INGAME_DIRECTION_BGM_105_44_full_m_20230119.wav","AdventureModeParty","0","True"
"Stage_Normal_0127","Chapter_Normal_009","7","Normal","42","Stage_MissionGroup_0001","50","Adventure_Normal_FirstReword_127","400","800","","Adventure_RandomReword_Class_Level2_7","Point_AP","10","StageClear","Stage_Normal_0126","AD_N_P3_001_007","StudioDOMA_OZ_INGAME_DIRECTION_BGM_105_44_full_m_20230119.wav","AdventureModeParty","0","True"
"Stage_Normal_0128","Chapter_Normal_009","8","Normal","42","Stage_MissionGroup_0001","50","Adventure_Normal_FirstReword_128","400","800","","Adventure_RandomReword_Class_Level2_8","Point_AP","10","StageClear","Stage_Normal_0127","AD_N_P3_001_008","StudioDOMA_OZ_INGAME_DIRECTION_BGM_105_44_full_m_20230119.wav","AdventureModeParty","0","True"
"Stage_Normal_0129","Chapter_Normal_009","9","Normal","43","Stage_MissionGroup_0001","50","Adventure_Normal_FirstReword_129","400","800","","Adventure_RandomReword_Class_Level2_1","Point_AP","10","StageClear","Stage_Normal_0128","AD_N_P3_001_009","StudioDOMA_OZ_INGAME_DIRECTION_BGM_105_44_full_m_20230119.wav","AdventureModeParty","0","True"
"Stage_Normal_0130","Chapter_Normal_009","10","MiddleBoss","43","Stage_MissionGroup_0001","50","Adventure_Normal_FirstReword_130","400","800","","Adventure_RandomReword_Class_Level2_2","Point_AP","10","StageClear","Stage_Normal_0129","AD_N_P3_001_010","StudioDOMA_OZ_INGAME_DIRECTION_BGM_105_44_full_m_20230119.wav","AdventureModeParty","0","True"
"Stage_Normal_0131","Chapter_Normal_009","11","Normal","43","Stage_MissionGroup_0001","50","Adventure_Normal_FirstReword_131","400","800","","Adventure_RandomReword_Class_Level2_3","Point_AP","10","StageClear","Stage_Normal_0130","AD_N_P3_001_011","StudioDOMA_OZ_INGAME_DIRECTION_BGM_105_44_full_m_20230119.wav","AdventureModeParty","0","True"
"Stage_Normal_0132","Chapter_Normal_009","12","Normal","44","Stage_MissionGroup_0001","50","Adventure_Normal_FirstReword_132","400","800","","Adventure_RandomReword_Class_Level2_4","Point_AP","10","StageClear","Stage_Normal_0131","AD_N_P3_001_012","StudioDOMA_OZ_INGAME_DIRECTION_BGM_105_44_full_m_20230119.wav","AdventureModeParty","0","True"
"Stage_Normal_0133","Chapter_Normal_009","13","Normal","44","Stage_MissionGroup_0001","50","Adventure_Normal_FirstReword_133","400","800","","Adventure_RandomReword_Class_Level2_5","Point_AP","10","StageClear","Stage_Normal_0132","AD_N_P3_001_013","StudioDOMA_OZ_INGAME_DIRECTION_BGM_105_44_full_m_20230119.wav","AdventureModeParty","0","True"
"Stage_Normal_0134","Chapter_Normal_009","14","Normal","44","Stage_MissionGroup_0001","50","Adventure_Normal_FirstReword_134","400","800","","Adventure_RandomReword_Class_Level2_6","Point_AP","10","StageClear","Stage_Normal_0133","AD_N_P3_001_014","StudioDOMA_OZ_INGAME_DIRECTION_BGM_105_44_full_m_20230119.wav","AdventureModeParty","0","True"
"Stage_Normal_0135","Chapter_Normal_009","15","Boss","45","Stage_MissionGroup_0001","50","Adventure_Normal_FirstReword_135","400","800","","Adventure_RandomReword_Class_Level2_7","Point_AP","10","StageClear","Stage_Normal_0134","AD_N_P3_001_015","StudioDOMA_OZ_INGAME_DIRECTION_BGM_105_44_full_m_20230119.wav","AdventureModeParty","0","True"
"Stage_Normal_0136","Chapter_Normal_010","1","Normal","45","Stage_MissionGroup_0001","50","Adventure_Normal_FirstReword_136","400","800","","Adventure_RandomReword_Equip_Level4_1","Point_AP","10","StageClear","Stage_Normal_0135","AD_N_P3_002_001","StudioDOMA_OZ_INGAME_DIRECTION_BGM_105_44_full_m_20230119.wav","AdventureModeParty","0","True"
"Stage_Normal_0137","Chapter_Normal_010","2","Normal","45","Stage_MissionGroup_0001","50","Adventure_Normal_FirstReword_137","400","800","","Adventure_RandomReword_Equip_Level4_1","Point_AP","10","StageClear","Stage_Normal_0136","AD_N_P3_002_002","StudioDOMA_OZ_INGAME_DIRECTION_BGM_105_44_full_m_20230119.wav","AdventureModeParty","0","True"
"Stage_Normal_0138","Chapter_Normal_010","3","Normal","46","Stage_MissionGroup_0001","50","Adventure_Normal_FirstReword_138","400","800","","Adventure_RandomReword_Equip_Level4_2","Point_AP","10","StageClear","Stage_Normal_0137","AD_N_P3_002_003","StudioDOMA_OZ_INGAME_DIRECTION_BGM_105_44_full_m_20230119.wav","AdventureModeParty","0","True"
"Stage_Normal_0139","Chapter_Normal_010","4","Normal","46","Stage_MissionGroup_0001","50","Adventure_Normal_FirstReword_139","400","800","","Adventure_RandomReword_Equip_Level4_2","Point_AP","10","StageClear","Stage_Normal_0138","AD_N_P3_002_004","StudioDOMA_OZ_INGAME_DIRECTION_BGM_105_44_full_m_20230119.wav","AdventureModeParty","0","True"
"Stage_Normal_0140","Chapter_Normal_010","5","MiddleBoss","46","Stage_MissionGroup_0001","50","Adventure_Normal_FirstReword_140","400","800","","Adventure_RandomReword_Equip_Level4_3","Point_AP","10","StageClear","Stage_Normal_0139","AD_N_P3_002_005","StudioDOMA_OZ_INGAME_DIRECTION_BGM_105_44_full_m_20230119.wav","AdventureModeParty","0","True"
"Stage_Normal_0141","Chapter_Normal_010","6","Normal","47","Stage_MissionGroup_0001","50","Adventure_Normal_FirstReword_141","400","800","","Adventure_RandomReword_Equip_Level4_3","Point_AP","10","StageClear","Stage_Normal_0140","AD_N_P3_002_006","StudioDOMA_OZ_INGAME_DIRECTION_BGM_105_44_full_m_20230119.wav","AdventureModeParty","0","True"
"Stage_Normal_0142","Chapter_Normal_010","7","Normal","47","Stage_MissionGroup_0001","50","Adventure_Normal_FirstReword_142","400","800","","Adventure_RandomReword_Equip_Level4_4","Point_AP","10","StageClear","Stage_Normal_0141","AD_N_P3_002_007","StudioDOMA_OZ_INGAME_DIRECTION_BGM_105_44_full_m_20230119.wav","AdventureModeParty","0","True"
"Stage_Normal_0143","Chapter_Normal_010","8","Normal","47","Stage_MissionGroup_0001","50","Adventure_Normal_FirstReword_143","400","800","","Adventure_RandomReword_Equip_Level4_4","Point_AP","10","StageClear","Stage_Normal_0142","AD_N_P3_002_008","StudioDOMA_OZ_INGAME_DIRECTION_BGM_105_44_full_m_20230119.wav","AdventureModeParty","0","True"
"Stage_Normal_0144","Chapter_Normal_010","9","Normal","48","Stage_MissionGroup_0001","50","Adventure_Normal_FirstReword_144","400","800","","Adventure_RandomReword_Equip_Level4_5","Point_AP","10","StageClear","Stage_Normal_0143","AD_N_P3_002_009","StudioDOMA_OZ_INGAME_DIRECTION_BGM_105_44_full_m_20230119.wav","AdventureModeParty","0","True"
"Stage_Normal_0145","Chapter_Normal_010","10","MiddleBoss","48","Stage_MissionGroup_0001","50","Adventure_Normal_FirstReword_145","400","800","","Adventure_RandomReword_Equip_Level4_5","Point_AP","10","StageClear","Stage_Normal_0144","AD_N_P3_002_010","StudioDOMA_OZ_INGAME_DIRECTION_BGM_105_44_full_m_20230119.wav","AdventureModeParty","0","True"
"Stage_Normal_0146","Chapter_Normal_010","11","Normal","48","Stage_MissionGroup_0001","50","Adventure_Normal_FirstReword_146","400","800","","Adventure_RandomReword_Equip_Level4_6","Point_AP","10","StageClear","Stage_Normal_0145","AD_N_P3_002_011","StudioDOMA_OZ_INGAME_DIRECTION_BGM_105_44_full_m_20230119.wav","AdventureModeParty","0","True"
"Stage_Normal_0147","Chapter_Normal_010","12","Normal","49","Stage_MissionGroup_0001","50","Adventure_Normal_FirstReword_147","400","800","","Adventure_RandomReword_Equip_Level4_6","Point_AP","10","StageClear","Stage_Normal_0146","AD_N_P3_002_012","StudioDOMA_OZ_INGAME_DIRECTION_BGM_105_44_full_m_20230119.wav","AdventureModeParty","0","True"
"Stage_Normal_0148","Chapter_Normal_010","13","Normal","49","Stage_MissionGroup_0001","50","Adventure_Normal_FirstReword_148","400","800","","Adventure_RandomReword_Equip_Level4_7","Point_AP","10","StageClear","Stage_Normal_0147","AD_N_P3_002_013","StudioDOMA_OZ_INGAME_DIRECTION_BGM_105_44_full_m_20230119.wav","AdventureModeParty","0","True"
"Stage_Normal_0149","Chapter_Normal_010","14","Normal","49","Stage_MissionGroup_0001","50","Adventure_Normal_FirstReword_149","400","800","","Adventure_RandomReword_Equip_Level4_7","Point_AP","10","StageClear","Stage_Normal_0148","AD_N_P3_002_014","StudioDOMA_OZ_INGAME_DIRECTION_BGM_105_44_full_m_20230119.wav","AdventureModeParty","0","True"
"Stage_Normal_0150","Chapter_Normal_010","15","Boss","50","Stage_MissionGroup_0001","50","Adventure_Normal_FirstReword_150","400","800","","Adventure_RandomReword_Equip_Level4_8","Point_AP","10","StageClear","Stage_Normal_0149","AD_N_P3_002_015","StudioDOMA_OZ_INGAME_DIRECTION_BGM_105_44_full_m_20230119.wav","AdventureModeParty","0","True"
"Stage_Normal_0151","Chapter_Normal_011","1","Normal","50","Stage_MissionGroup_0001","50","Adventure_Normal_FirstReword_151","400","800","","Adventure_RandomReword_Equip_Level4_8","Point_AP","10","StageClear","Stage_Normal_0150","AD_N_P3_003_001","StudioDOMA_OZ_INGAME_DIRECTION_BGM_105_44_full_m_20230119.wav","AdventureModeParty","0","True"
"Stage_Normal_0152","Chapter_Normal_011","2","Normal","50","Stage_MissionGroup_0001","50","Adventure_Normal_FirstReword_152","400","800","","Adventure_RandomReword_Equip_Level4_9","Point_AP","10","StageClear","Stage_Normal_0151","AD_N_P3_003_002","StudioDOMA_OZ_INGAME_DIRECTION_BGM_105_44_full_m_20230119.wav","AdventureModeParty","0","True"
"Stage_Normal_0153","Chapter_Normal_011","3","Normal","51","Stage_MissionGroup_0001","50","Adventure_Normal_FirstReword_153","400","800","","Adventure_RandomReword_Equip_Level4_9","Point_AP","10","StageClear","Stage_Normal_0152","AD_N_P3_003_003","StudioDOMA_OZ_INGAME_DIRECTION_BGM_105_44_full_m_20230119.wav","AdventureModeParty","0","True"
"Stage_Normal_0154","Chapter_Normal_011","4","Normal","51","Stage_MissionGroup_0001","50","Adventure_Normal_FirstReword_154","400","800","","Adventure_RandomReword_Equip_Level4_10","Point_AP","10","StageClear","Stage_Normal_0153","AD_N_P3_003_004","StudioDOMA_OZ_INGAME_DIRECTION_BGM_105_44_full_m_20230119.wav","AdventureModeParty","0","True"
"Stage_Normal_0155","Chapter_Normal_011","5","MiddleBoss","51","Stage_MissionGroup_0001","50","Adventure_Normal_FirstReword_155","400","800","","Adventure_RandomReword_Equip_Level4_10","Point_AP","10","StageClear","Stage_Normal_0154","AD_N_P3_003_005","StudioDOMA_OZ_INGAME_DIRECTION_BGM_105_44_full_m_20230119.wav","AdventureModeParty","0","True"
"Stage_Normal_0156","Chapter_Normal_011","6","Normal","51","Stage_MissionGroup_0001","50","Adventure_Normal_FirstReword_156","400","800","","Adventure_RandomReword_Equip_Level4_11","Point_AP","10","StageClear","Stage_Normal_0155","AD_N_P3_003_006","StudioDOMA_OZ_INGAME_DIRECTION_BGM_105_44_full_m_20230119.wav","AdventureModeParty","0","True"
"Stage_Normal_0157","Chapter_Normal_011","7","Normal","52","Stage_MissionGroup_0001","50","Adventure_Normal_FirstReword_157","400","800","","Adventure_RandomReword_Equip_Level4_11","Point_AP","10","StageClear","Stage_Normal_0156","AD_N_P3_003_007","StudioDOMA_OZ_INGAME_DIRECTION_BGM_105_44_full_m_20230119.wav","AdventureModeParty","0","True"
"Stage_Normal_0158","Chapter_Normal_011","8","Normal","52","Stage_MissionGroup_0001","50","Adventure_Normal_FirstReword_158","400","800","","Adventure_RandomReword_Equip_Level4_12","Point_AP","10","StageClear","Stage_Normal_0157","AD_N_P3_003_008","StudioDOMA_OZ_INGAME_DIRECTION_BGM_105_44_full_m_20230119.wav","AdventureModeParty","0","True"
"Stage_Normal_0159","Chapter_Normal_011","9","Normal","52","Stage_MissionGroup_0001","50","Adventure_Normal_FirstReword_159","400","800","","Adventure_RandomReword_Equip_Level4_12","Point_AP","10","StageClear","Stage_Normal_0158","AD_N_P3_003_009","StudioDOMA_OZ_INGAME_DIRECTION_BGM_105_44_full_m_20230119.wav","AdventureModeParty","0","True"
"Stage_Normal_0160","Chapter_Normal_011","10","MiddleBoss","52","Stage_MissionGroup_0001","50","Adventure_Normal_FirstReword_160","400","800","","Adventure_RandomReword_Equip_Level4_13","Point_AP","10","StageClear","Stage_Normal_0159","AD_N_P3_003_010","StudioDOMA_OZ_INGAME_DIRECTION_BGM_105_44_full_m_20230119.wav","AdventureModeParty","0","True"
"Stage_Normal_0161","Chapter_Normal_011","11","Normal","53","Stage_MissionGroup_0001","50","Adventure_Normal_FirstReword_161","400","800","","Adventure_RandomReword_Equip_Level4_13","Point_AP","10","StageClear","Stage_Normal_0160","AD_N_P3_003_011","StudioDOMA_OZ_INGAME_DIRECTION_BGM_105_44_full_m_20230119.wav","AdventureModeParty","0","True"
"Stage_Normal_0162","Chapter_Normal_011","12","Normal","53","Stage_MissionGroup_0001","50","Adventure_Normal_FirstReword_162","400","800","","Adventure_RandomReword_Equip_Level4_14","Point_AP","10","StageClear","Stage_Normal_0161","AD_N_P3_003_012","StudioDOMA_OZ_INGAME_DIRECTION_BGM_105_44_full_m_20230119.wav","AdventureModeParty","0","True"
"Stage_Normal_0163","Chapter_Normal_011","13","Normal","53","Stage_MissionGroup_0001","50","Adventure_Normal_FirstReword_163","400","800","","Adventure_RandomReword_Equip_Level4_14","Point_AP","10","StageClear","Stage_Normal_0162","AD_N_P3_003_013","StudioDOMA_OZ_INGAME_DIRECTION_BGM_105_44_full_m_20230119.wav","AdventureModeParty","0","True"
"Stage_Normal_0164","Chapter_Normal_011","14","Normal","53","Stage_MissionGroup_0001","50","Adventure_Normal_FirstReword_164","400","800","","Adventure_RandomReword_Equip_Level4_15","Point_AP","10","StageClear","Stage_Normal_0163","AD_N_P3_003_014","StudioDOMA_OZ_INGAME_DIRECTION_BGM_105_44_full_m_20230119.wav","AdventureModeParty","0","True"
"Stage_Normal_0165","Chapter_Normal_011","15","Boss","54","Stage_MissionGroup_0001","50","Adventure_Normal_FirstReword_165","400","800","","Adventure_RandomReword_Equip_Level4_15","Point_AP","10","StageClear","Stage_Normal_0164","AD_N_P3_003_015","StudioDOMA_OZ_INGAME_DIRECTION_BGM_105_44_full_m_20230119.wav","AdventureModeParty","0","True"
"Stage_Normal_0166","Chapter_Normal_012","1","Normal","54","Stage_MissionGroup_0001","50","Adventure_Normal_FirstReword_166","400","800","","Adventure_RandomReword_Class_Level2_1","Point_AP","10","StageClear","Stage_Normal_0165","AD_N_P3_004_001","StudioDOMA_OZ_INGAME_DIRECTION_BGM_105_44_full_m_20230119.wav","AdventureModeParty","0","True"
"Stage_Normal_0167","Chapter_Normal_012","2","Normal","54","Stage_MissionGroup_0001","50","Adventure_Normal_FirstReword_167","400","800","","Adventure_RandomReword_Class_Level2_2","Point_AP","10","StageClear","Stage_Normal_0166","AD_N_P3_004_002","StudioDOMA_OZ_INGAME_DIRECTION_BGM_105_44_full_m_20230119.wav","AdventureModeParty","0","True"
"Stage_Normal_0168","Chapter_Normal_012","3","Normal","55","Stage_MissionGroup_0001","50","Adventure_Normal_FirstReword_168","400","800","","Adventure_RandomReword_Class_Level2_3","Point_AP","10","StageClear","Stage_Normal_0167","AD_N_P3_004_003","StudioDOMA_OZ_INGAME_DIRECTION_BGM_105_44_full_m_20230119.wav","AdventureModeParty","0","True"
"Stage_Normal_0169","Chapter_Normal_012","4","Normal","55","Stage_MissionGroup_0001","50","Adventure_Normal_FirstReword_169","400","800","","Adventure_RandomReword_Class_Level2_4","Point_AP","10","StageClear","Stage_Normal_0168","AD_N_P3_004_004","StudioDOMA_OZ_INGAME_DIRECTION_BGM_105_44_full_m_20230119.wav","AdventureModeParty","0","True"
"Stage_Normal_0170","Chapter_Normal_012","5","MiddleBoss","55","Stage_MissionGroup_0001","50","Adventure_Normal_FirstReword_170","400","800","","Adventure_RandomReword_Class_Level2_5","Point_AP","10","StageClear","Stage_Normal_0169","AD_N_P3_004_005","StudioDOMA_OZ_INGAME_DIRECTION_BGM_105_44_full_m_20230119.wav","AdventureModeParty","0","True"
"Stage_Normal_0171","Chapter_Normal_012","6","Normal","55","Stage_MissionGroup_0001","50","Adventure_Normal_FirstReword_171","400","800","","Adventure_RandomReword_Class_Level2_6","Point_AP","10","StageClear","Stage_Normal_0170","AD_N_P3_004_006","StudioDOMA_OZ_INGAME_DIRECTION_BGM_105_44_full_m_20230119.wav","AdventureModeParty","0","True"
"Stage_Normal_0172","Chapter_Normal_012","7","Normal","56","Stage_MissionGroup_0001","50","Adventure_Normal_FirstReword_172","400","800","","Adventure_RandomReword_Class_Level2_7","Point_AP","10","StageClear","Stage_Normal_0171","AD_N_P3_004_007","StudioDOMA_OZ_INGAME_DIRECTION_BGM_105_44_full_m_20230119.wav","AdventureModeParty","0","True"
"Stage_Normal_0173","Chapter_Normal_012","8","Normal","56","Stage_MissionGroup_0001","50","Adventure_Normal_FirstReword_173","400","800","","Adventure_RandomReword_Class_Level2_8","Point_AP","10","StageClear","Stage_Normal_0172","AD_N_P3_004_008","StudioDOMA_OZ_INGAME_DIRECTION_BGM_105_44_full_m_20230119.wav","AdventureModeParty","0","True"
"Stage_Normal_0174","Chapter_Normal_012","9","Normal","56","Stage_MissionGroup_0001","50","Adventure_Normal_FirstReword_174","400","800","","Adventure_RandomReword_Class_Level2_1","Point_AP","10","StageClear","Stage_Normal_0173","AD_N_P3_004_009","StudioDOMA_OZ_INGAME_DIRECTION_BGM_105_44_full_m_20230119.wav","AdventureModeParty","0","True"
"Stage_Normal_0175","Chapter_Normal_012","10","MiddleBoss","56","Stage_MissionGroup_0001","50","Adventure_Normal_FirstReword_175","400","800","","Adventure_RandomReword_Class_Level2_2","Point_AP","10","StageClear","Stage_Normal_0174","AD_N_P3_004_010","StudioDOMA_OZ_INGAME_DIRECTION_BGM_105_44_full_m_20230119.wav","AdventureModeParty","0","True"
"Stage_Normal_0176","Chapter_Normal_012","11","Normal","57","Stage_MissionGroup_0001","50","Adventure_Normal_FirstReword_176","400","800","","Adventure_RandomReword_Class_Level2_3","Point_AP","10","StageClear","Stage_Normal_0175","AD_N_P3_004_011","StudioDOMA_OZ_INGAME_DIRECTION_BGM_105_44_full_m_20230119.wav","AdventureModeParty","0","True"
"Stage_Normal_0177","Chapter_Normal_012","12","Normal","57","Stage_MissionGroup_0001","50","Adventure_Normal_FirstReword_177","400","800","","Adventure_RandomReword_Class_Level2_4","Point_AP","10","StageClear","Stage_Normal_0176","AD_N_P3_004_012","StudioDOMA_OZ_INGAME_DIRECTION_BGM_105_44_full_m_20230119.wav","AdventureModeParty","0","True"
"Stage_Normal_0178","Chapter_Normal_012","13","Normal","57","Stage_MissionGroup_0001","50","Adventure_Normal_FirstReword_178","400","800","","Adventure_RandomReword_Class_Level2_5","Point_AP","10","StageClear","Stage_Normal_0177","AD_N_P3_004_013","StudioDOMA_OZ_INGAME_DIRECTION_BGM_105_44_full_m_20230119.wav","AdventureModeParty","0","True"
"Stage_Normal_0179","Chapter_Normal_012","14","Normal","57","Stage_MissionGroup_0001","50","Adventure_Normal_FirstReword_179","400","800","","Adventure_RandomReword_Class_Level2_6","Point_AP","10","StageClear","Stage_Normal_0178","AD_N_P3_004_014","StudioDOMA_OZ_INGAME_DIRECTION_BGM_105_44_full_m_20230119.wav","AdventureModeParty","0","True"
"Stage_Normal_0180","Chapter_Normal_012","15","Boss","58","Stage_MissionGroup_0001","50","Adventure_Normal_FirstReword_180","400","800","","Adventure_RandomReword_Class_Level2_7","Point_AP","10","StageClear","Stage_Normal_0179","AD_N_P3_004_015","StudioDOMA_OZ_INGAME_DIRECTION_BGM_105_44_full_m_20230119.wav","AdventureModeParty","0","True"
"Stage_Normal_0181","Chapter_Normal_013","1","Normal","58","Stage_MissionGroup_0001","50","Adventure_Normal_FirstReword_181","400","800","","Adventure_RandomReword_Equip_Level5_1","Point_AP","10","StageClear","Stage_Normal_0180","AD_N_P4_001_001","StudioDOMA_OZ_INGAME_DIRECTION_BGM_105_44_full_m_20230119.wav","AdventureModeParty","0","True"
"Stage_Normal_0182","Chapter_Normal_013","2","Normal","58","Stage_MissionGroup_0001","50","Adventure_Normal_FirstReword_182","400","800","","Adventure_RandomReword_Equip_Level5_1","Point_AP","10","StageClear","Stage_Normal_0181","AD_N_P4_001_002","StudioDOMA_OZ_INGAME_DIRECTION_BGM_105_44_full_m_20230119.wav","AdventureModeParty","0","True"
"Stage_Normal_0183","Chapter_Normal_013","3","Normal","58","Stage_MissionGroup_0001","50","Adventure_Normal_FirstReword_183","400","800","","Adventure_RandomReword_Equip_Level5_2","Point_AP","10","StageClear","Stage_Normal_0182","AD_N_P4_001_003","StudioDOMA_OZ_INGAME_DIRECTION_BGM_105_44_full_m_20230119.wav","AdventureModeParty","0","True"
"Stage_Normal_0184","Chapter_Normal_013","4","Normal","59","Stage_MissionGroup_0001","50","Adventure_Normal_FirstReword_184","400","800","","Adventure_RandomReword_Equip_Level5_2","Point_AP","10","StageClear","Stage_Normal_0183","AD_N_P4_001_004","StudioDOMA_OZ_INGAME_DIRECTION_BGM_105_44_full_m_20230119.wav","AdventureModeParty","0","True"
"Stage_Normal_0185","Chapter_Normal_013","5","MiddleBoss","59","Stage_MissionGroup_0001","50","Adventure_Normal_FirstReword_185","400","800","","Adventure_RandomReword_Equip_Level5_3","Point_AP","10","StageClear","Stage_Normal_0184","AD_N_P4_001_005","StudioDOMA_OZ_INGAME_DIRECTION_BGM_105_44_full_m_20230119.wav","AdventureModeParty","0","True"
"Stage_Normal_0186","Chapter_Normal_013","6","Normal","59","Stage_MissionGroup_0001","50","Adventure_Normal_FirstReword_186","400","800","","Adventure_RandomReword_Equip_Level5_3","Point_AP","10","StageClear","Stage_Normal_0185","AD_N_P4_001_006","StudioDOMA_OZ_INGAME_DIRECTION_BGM_105_44_full_m_20230119.wav","AdventureModeParty","0","True"
"Stage_Normal_0187","Chapter_Normal_013","7","Normal","60","Stage_MissionGroup_0001","50","Adventure_Normal_FirstReword_187","400","800","","Adventure_RandomReword_Equip_Level5_4","Point_AP","10","StageClear","Stage_Normal_0186","AD_N_P4_001_007","StudioDOMA_OZ_INGAME_DIRECTION_BGM_105_44_full_m_20230119.wav","AdventureModeParty","0","True"
"Stage_Normal_0188","Chapter_Normal_013","8","Normal","60","Stage_MissionGroup_0001","50","Adventure_Normal_FirstReword_188","400","800","","Adventure_RandomReword_Equip_Level5_4","Point_AP","10","StageClear","Stage_Normal_0187","AD_N_P4_001_008","StudioDOMA_OZ_INGAME_DIRECTION_BGM_105_44_full_m_20230119.wav","AdventureModeParty","0","True"
"Stage_Normal_0189","Chapter_Normal_013","9","Normal","60","Stage_MissionGroup_0001","50","Adventure_Normal_FirstReword_189","400","800","","Adventure_RandomReword_Equip_Level5_5","Point_AP","10","StageClear","Stage_Normal_0188","AD_N_P4_001_009","StudioDOMA_OZ_INGAME_DIRECTION_BGM_105_44_full_m_20230119.wav","AdventureModeParty","0","True"
"Stage_Normal_0190","Chapter_Normal_013","10","MiddleBoss","60","Stage_MissionGroup_0001","50","Adventure_Normal_FirstReword_190","400","800","","Adventure_RandomReword_Equip_Level5_5","Point_AP","10","StageClear","Stage_Normal_0189","AD_N_P4_001_010","StudioDOMA_OZ_INGAME_DIRECTION_BGM_105_44_full_m_20230119.wav","AdventureModeParty","0","True"
"Stage_Normal_0191","Chapter_Normal_013","11","Normal","61","Stage_MissionGroup_0001","50","Adventure_Normal_FirstReword_191","400","800","","Adventure_RandomReword_Equip_Level5_6","Point_AP","10","StageClear","Stage_Normal_0190","AD_N_P4_001_011","StudioDOMA_OZ_INGAME_DIRECTION_BGM_105_44_full_m_20230119.wav","AdventureModeParty","0","True"
"Stage_Normal_0192","Chapter_Normal_013","12","Normal","61","Stage_MissionGroup_0001","50","Adventure_Normal_FirstReword_192","400","800","","Adventure_RandomReword_Equip_Level5_6","Point_AP","10","StageClear","Stage_Normal_0191","AD_N_P4_001_012","StudioDOMA_OZ_INGAME_DIRECTION_BGM_105_44_full_m_20230119.wav","AdventureModeParty","0","True"
"Stage_Normal_0193","Chapter_Normal_013","13","Normal","61","Stage_MissionGroup_0001","50","Adventure_Normal_FirstReword_193","400","800","","Adventure_RandomReword_Equip_Level5_7","Point_AP","10","StageClear","Stage_Normal_0192","AD_N_P4_001_013","StudioDOMA_OZ_INGAME_DIRECTION_BGM_105_44_full_m_20230119.wav","AdventureModeParty","0","True"
"Stage_Normal_0194","Chapter_Normal_013","14","Normal","61","Stage_MissionGroup_0001","50","Adventure_Normal_FirstReword_194","400","800","","Adventure_RandomReword_Equip_Level5_7","Point_AP","10","StageClear","Stage_Normal_0193","AD_N_P4_001_014","StudioDOMA_OZ_INGAME_DIRECTION_BGM_105_44_full_m_20230119.wav","AdventureModeParty","0","True"
"Stage_Normal_0195","Chapter_Normal_013","15","Boss","62","Stage_MissionGroup_0001","50","Adventure_Normal_FirstReword_195","400","800","","Adventure_RandomReword_Equip_Level5_8","Point_AP","10","StageClear","Stage_Normal_0194","AD_N_P4_001_015","StudioDOMA_OZ_INGAME_DIRECTION_BGM_105_44_full_m_20230119.wav","AdventureModeParty","0","True"
"Stage_Normal_0196","Chapter_Normal_014","1","Normal","62","Stage_MissionGroup_0001","50","Adventure_Normal_FirstReword_196","400","800","","Adventure_RandomReword_Equip_Level5_8","Point_AP","10","StageClear","Stage_Normal_0195","AD_N_P4_002_001","StudioDOMA_OZ_INGAME_DIRECTION_BGM_105_44_full_m_20230119.wav","AdventureModeParty","0","True"
"Stage_Normal_0197","Chapter_Normal_014","2","Normal","62","Stage_MissionGroup_0001","50","Adventure_Normal_FirstReword_197","400","800","","Adventure_RandomReword_Equip_Level5_9","Point_AP","10","StageClear","Stage_Normal_0196","AD_N_P4_002_002","StudioDOMA_OZ_INGAME_DIRECTION_BGM_105_44_full_m_20230119.wav","AdventureModeParty","0","True"
"Stage_Normal_0198","Chapter_Normal_014","3","Normal","62","Stage_MissionGroup_0001","50","Adventure_Normal_FirstReword_198","400","800","","Adventure_RandomReword_Equip_Level5_9","Point_AP","10","StageClear","Stage_Normal_0197","AD_N_P4_002_003","StudioDOMA_OZ_INGAME_DIRECTION_BGM_105_44_full_m_20230119.wav","AdventureModeParty","0","True"
"Stage_Normal_0199","Chapter_Normal_014","4","Normal","63","Stage_MissionGroup_0001","50","Adventure_Normal_FirstReword_199","400","800","","Adventure_RandomReword_Equip_Level5_10","Point_AP","10","StageClear","Stage_Normal_0198","AD_N_P4_002_004","StudioDOMA_OZ_INGAME_DIRECTION_BGM_105_44_full_m_20230119.wav","AdventureModeParty","0","True"
"Stage_Normal_0200","Chapter_Normal_014","5","MiddleBoss","63","Stage_MissionGroup_0001","50","Adventure_Normal_FirstReword_200","400","800","","Adventure_RandomReword_Equip_Level5_10","Point_AP","10","StageClear","Stage_Normal_0199","AD_N_P4_002_005","StudioDOMA_OZ_INGAME_DIRECTION_BGM_105_44_full_m_20230119.wav","AdventureModeParty","0","True"
"Stage_Normal_0201","Chapter_Normal_014","6","Normal","63","Stage_MissionGroup_0001","50","Adventure_Normal_FirstReword_201","400","800","","Adventure_RandomReword_Equip_Level5_11","Point_AP","10","StageClear","Stage_Normal_0200","AD_N_P4_002_006","StudioDOMA_OZ_INGAME_DIRECTION_BGM_105_44_full_m_20230119.wav","AdventureModeParty","0","True"
"Stage_Normal_0202","Chapter_Normal_014","7","Normal","64","Stage_MissionGroup_0001","50","Adventure_Normal_FirstReword_202","400","800","","Adventure_RandomReword_Equip_Level5_11","Point_AP","10","StageClear","Stage_Normal_0201","AD_N_P4_002_007","StudioDOMA_OZ_INGAME_DIRECTION_BGM_105_44_full_m_20230119.wav","AdventureModeParty","0","True"
"Stage_Normal_0203","Chapter_Normal_014","8","Normal","64","Stage_MissionGroup_0001","50","Adventure_Normal_FirstReword_203","400","800","","Adventure_RandomReword_Equip_Level5_12","Point_AP","10","StageClear","Stage_Normal_0202","AD_N_P4_002_008","StudioDOMA_OZ_INGAME_DIRECTION_BGM_105_44_full_m_20230119.wav","AdventureModeParty","0","True"
"Stage_Normal_0204","Chapter_Normal_014","9","Normal","64","Stage_MissionGroup_0001","50","Adventure_Normal_FirstReword_204","400","800","","Adventure_RandomReword_Equip_Level5_12","Point_AP","10","StageClear","Stage_Normal_0203","AD_N_P4_002_009","StudioDOMA_OZ_INGAME_DIRECTION_BGM_105_44_full_m_20230119.wav","AdventureModeParty","0","True"
"Stage_Normal_0205","Chapter_Normal_014","10","MiddleBoss","64","Stage_MissionGroup_0001","50","Adventure_Normal_FirstReword_205","400","800","","Adventure_RandomReword_Equip_Level5_13","Point_AP","10","StageClear","Stage_Normal_0204","AD_N_P4_002_010","StudioDOMA_OZ_INGAME_DIRECTION_BGM_105_44_full_m_20230119.wav","AdventureModeParty","0","True"
"Stage_Normal_0206","Chapter_Normal_014","11","Normal","65","Stage_MissionGroup_0001","50","Adventure_Normal_FirstReword_206","400","800","","Adventure_RandomReword_Equip_Level5_13","Point_AP","10","StageClear","Stage_Normal_0205","AD_N_P4_002_011","StudioDOMA_OZ_INGAME_DIRECTION_BGM_105_44_full_m_20230119.wav","AdventureModeParty","0","True"
"Stage_Normal_0207","Chapter_Normal_014","12","Normal","65","Stage_MissionGroup_0001","50","Adventure_Normal_FirstReword_207","400","800","","Adventure_RandomReword_Equip_Level5_14","Point_AP","10","StageClear","Stage_Normal_0206","AD_N_P4_002_012","StudioDOMA_OZ_INGAME_DIRECTION_BGM_105_44_full_m_20230119.wav","AdventureModeParty","0","True"
"Stage_Normal_0208","Chapter_Normal_014","13","Normal","65","Stage_MissionGroup_0001","50","Adventure_Normal_FirstReword_208","400","800","","Adventure_RandomReword_Equip_Level5_14","Point_AP","10","StageClear","Stage_Normal_0207","AD_N_P4_002_013","StudioDOMA_OZ_INGAME_DIRECTION_BGM_105_44_full_m_20230119.wav","AdventureModeParty","0","True"
"Stage_Normal_0209","Chapter_Normal_014","14","Normal","65","Stage_MissionGroup_0001","50","Adventure_Normal_FirstReword_209","400","800","","Adventure_RandomReword_Equip_Level5_15","Point_AP","10","StageClear","Stage_Normal_0208","AD_N_P4_002_014","StudioDOMA_OZ_INGAME_DIRECTION_BGM_105_44_full_m_20230119.wav","AdventureModeParty","0","True"
"Stage_Normal_0210","Chapter_Normal_014","15","Boss","66","Stage_MissionGroup_0001","50","Adventure_Normal_FirstReword_210","400","800","","Adventure_RandomReword_Equip_Level5_15","Point_AP","10","StageClear","Stage_Normal_0209","AD_N_P4_002_015","StudioDOMA_OZ_INGAME_DIRECTION_BGM_105_44_full_m_20230119.wav","AdventureModeParty","0","True"
"Stage_Normal_0211","Chapter_Normal_015","1","Normal","66","Stage_MissionGroup_0001","50","Adventure_Normal_FirstReword_211","400","800","","Adventure_RandomReword_Class_Level3_1","Point_AP","10","StageClear","Stage_Normal_0210","AD_N_P4_003_001","StudioDOMA_OZ_INGAME_DIRECTION_BGM_105_44_full_m_20230119.wav","AdventureModeParty","0","True"
"Stage_Normal_0212","Chapter_Normal_015","2","Normal","66","Stage_MissionGroup_0001","50","Adventure_Normal_FirstReword_212","400","800","","Adventure_RandomReword_Class_Level3_2","Point_AP","10","StageClear","Stage_Normal_0211","AD_N_P4_003_002","StudioDOMA_OZ_INGAME_DIRECTION_BGM_105_44_full_m_20230119.wav","AdventureModeParty","0","True"
"Stage_Normal_0213","Chapter_Normal_015","3","Normal","66","Stage_MissionGroup_0001","50","Adventure_Normal_FirstReword_213","400","800","","Adventure_RandomReword_Class_Level3_3","Point_AP","10","StageClear","Stage_Normal_0212","AD_N_P4_003_003","StudioDOMA_OZ_INGAME_DIRECTION_BGM_105_44_full_m_20230119.wav","AdventureModeParty","0","True"
"Stage_Normal_0214","Chapter_Normal_015","4","Normal","66","Stage_MissionGroup_0001","50","Adventure_Normal_FirstReword_214","400","800","","Adventure_RandomReword_Class_Level3_4","Point_AP","10","StageClear","Stage_Normal_0213","AD_N_P4_003_004","StudioDOMA_OZ_INGAME_DIRECTION_BGM_105_44_full_m_20230119.wav","AdventureModeParty","0","True"
"Stage_Normal_0215","Chapter_Normal_015","5","MiddleBoss","67","Stage_MissionGroup_0001","50","Adventure_Normal_FirstReword_215","400","800","","Adventure_RandomReword_Class_Level3_5","Point_AP","10","StageClear","Stage_Normal_0214","AD_N_P4_003_005","StudioDOMA_OZ_INGAME_DIRECTION_BGM_105_44_full_m_20230119.wav","AdventureModeParty","0","True"
"Stage_Normal_0216","Chapter_Normal_015","6","Normal","67","Stage_MissionGroup_0001","50","Adventure_Normal_FirstReword_216","400","800","","Adventure_RandomReword_Class_Level3_6","Point_AP","10","StageClear","Stage_Normal_0215","AD_N_P4_003_006","StudioDOMA_OZ_INGAME_DIRECTION_BGM_105_44_full_m_20230119.wav","AdventureModeParty","0","True"
"Stage_Normal_0217","Chapter_Normal_015","7","Normal","67","Stage_MissionGroup_0001","50","Adventure_Normal_FirstReword_217","400","800","","Adventure_RandomReword_Class_Level3_7","Point_AP","10","StageClear","Stage_Normal_0216","AD_N_P4_003_007","StudioDOMA_OZ_INGAME_DIRECTION_BGM_105_44_full_m_20230119.wav","AdventureModeParty","0","True"
"Stage_Normal_0218","Chapter_Normal_015","8","Normal","67","Stage_MissionGroup_0001","50","Adventure_Normal_FirstReword_218","400","800","","Adventure_RandomReword_Class_Level3_8","Point_AP","10","StageClear","Stage_Normal_0217","AD_N_P4_003_008","StudioDOMA_OZ_INGAME_DIRECTION_BGM_105_44_full_m_20230119.wav","AdventureModeParty","0","True"
"Stage_Normal_0219","Chapter_Normal_015","9","Normal","67","Stage_MissionGroup_0001","50","Adventure_Normal_FirstReword_219","400","800","","Adventure_RandomReword_Class_Level3_1","Point_AP","10","StageClear","Stage_Normal_0218","AD_N_P4_003_009","StudioDOMA_OZ_INGAME_DIRECTION_BGM_105_44_full_m_20230119.wav","AdventureModeParty","0","True"
"Stage_Normal_0220","Chapter_Normal_015","10","MiddleBoss","68","Stage_MissionGroup_0001","50","Adventure_Normal_FirstReword_220","400","800","","Adventure_RandomReword_Class_Level3_2","Point_AP","10","StageClear","Stage_Normal_0219","AD_N_P4_003_010","StudioDOMA_OZ_INGAME_DIRECTION_BGM_105_44_full_m_20230119.wav","AdventureModeParty","0","True"
"Stage_Normal_0221","Chapter_Normal_015","11","Normal","68","Stage_MissionGroup_0001","50","Adventure_Normal_FirstReword_221","400","800","","Adventure_RandomReword_Class_Level3_3","Point_AP","10","StageClear","Stage_Normal_0220","AD_N_P4_003_011","StudioDOMA_OZ_INGAME_DIRECTION_BGM_105_44_full_m_20230119.wav","AdventureModeParty","0","True"
"Stage_Normal_0222","Chapter_Normal_015","12","Normal","68","Stage_MissionGroup_0001","50","Adventure_Normal_FirstReword_222","400","800","","Adventure_RandomReword_Class_Level3_4","Point_AP","10","StageClear","Stage_Normal_0221","AD_N_P4_003_012","StudioDOMA_OZ_INGAME_DIRECTION_BGM_105_44_full_m_20230119.wav","AdventureModeParty","0","True"
"Stage_Normal_0223","Chapter_Normal_015","13","Normal","68","Stage_MissionGroup_0001","50","Adventure_Normal_FirstReword_223","400","800","","Adventure_RandomReword_Class_Level3_5","Point_AP","10","StageClear","Stage_Normal_0222","AD_N_P4_003_013","StudioDOMA_OZ_INGAME_DIRECTION_BGM_105_44_full_m_20230119.wav","AdventureModeParty","0","True"
"Stage_Normal_0224","Chapter_Normal_015","14","Normal","68","Stage_MissionGroup_0001","50","Adventure_Normal_FirstReword_224","400","800","","Adventure_RandomReword_Class_Level3_6","Point_AP","10","StageClear","Stage_Normal_0223","AD_N_P4_003_014","StudioDOMA_OZ_INGAME_DIRECTION_BGM_105_44_full_m_20230119.wav","AdventureModeParty","0","True"
"Stage_Normal_0225","Chapter_Normal_015","15","Boss","69","Stage_MissionGroup_0001","50","Adventure_Normal_FirstReword_225","400","800","","Adventure_RandomReword_Class_Level3_7","Point_AP","10","StageClear","Stage_Normal_0224","AD_N_P4_003_015","StudioDOMA_OZ_INGAME_DIRECTION_BGM_105_44_full_m_20230119.wav","AdventureModeParty","0","True"
"Stage_Normal_0226","Chapter_Normal_016","1","Normal","69","Stage_MissionGroup_0001","50","Adventure_Normal_FirstReword_226","400","800","","Adventure_RandomReword_Equip_Level5_1","Point_AP","10","StageClear","Stage_Normal_0225","AD_N_P4_004_001","StudioDOMA_OZ_INGAME_DIRECTION_BGM_105_44_full_m_20230119.wav","AdventureModeParty","0","True"
"Stage_Normal_0227","Chapter_Normal_016","2","Normal","69","Stage_MissionGroup_0001","50","Adventure_Normal_FirstReword_227","400","800","","Adventure_RandomReword_Equip_Level5_2","Point_AP","10","StageClear","Stage_Normal_0226","AD_N_P4_004_002","StudioDOMA_OZ_INGAME_DIRECTION_BGM_105_44_full_m_20230119.wav","AdventureModeParty","0","True"
"Stage_Normal_0228","Chapter_Normal_016","3","Normal","69","Stage_MissionGroup_0001","50","Adventure_Normal_FirstReword_228","400","800","","Adventure_RandomReword_Equip_Level5_3","Point_AP","10","StageClear","Stage_Normal_0227","AD_N_P4_004_003","StudioDOMA_OZ_INGAME_DIRECTION_BGM_105_44_full_m_20230119.wav","AdventureModeParty","0","True"
"Stage_Normal_0229","Chapter_Normal_016","4","Normal","69","Stage_MissionGroup_0001","50","Adventure_Normal_FirstReword_229","400","800","","Adventure_RandomReword_Equip_Level5_4","Point_AP","10","StageClear","Stage_Normal_0228","AD_N_P4_004_004","StudioDOMA_OZ_INGAME_DIRECTION_BGM_105_44_full_m_20230119.wav","AdventureModeParty","0","True"
"Stage_Normal_0230","Chapter_Normal_016","5","MiddleBoss","70","Stage_MissionGroup_0001","50","Adventure_Normal_FirstReword_230","400","800","","Adventure_RandomReword_Equip_Level5_5","Point_AP","10","StageClear","Stage_Normal_0229","AD_N_P4_004_005","StudioDOMA_OZ_INGAME_DIRECTION_BGM_105_44_full_m_20230119.wav","AdventureModeParty","0","True"
"Stage_Normal_0231","Chapter_Normal_016","6","Normal","70","Stage_MissionGroup_0001","50","Adventure_Normal_FirstReword_231","400","800","","Adventure_RandomReword_Equip_Level5_6","Point_AP","10","StageClear","Stage_Normal_0230","AD_N_P4_004_006","StudioDOMA_OZ_INGAME_DIRECTION_BGM_105_44_full_m_20230119.wav","AdventureModeParty","0","True"
"Stage_Normal_0232","Chapter_Normal_016","7","Normal","70","Stage_MissionGroup_0001","50","Adventure_Normal_FirstReword_232","400","800","","Adventure_RandomReword_Equip_Level5_7","Point_AP","10","StageClear","Stage_Normal_0231","AD_N_P4_004_007","StudioDOMA_OZ_INGAME_DIRECTION_BGM_105_44_full_m_20230119.wav","AdventureModeParty","0","True"
"Stage_Normal_0233","Chapter_Normal_016","8","Normal","70","Stage_MissionGroup_0001","50","Adventure_Normal_FirstReword_233","400","800","","Adventure_RandomReword_Equip_Level5_8","Point_AP","10","StageClear","Stage_Normal_0232","AD_N_P4_004_008","StudioDOMA_OZ_INGAME_DIRECTION_BGM_105_44_full_m_20230119.wav","AdventureModeParty","0","True"
"Stage_Normal_0234","Chapter_Normal_016","9","Normal","70","Stage_MissionGroup_0001","50","Adventure_Normal_FirstReword_234","400","800","","Adventure_RandomReword_Equip_Level5_9","Point_AP","10","StageClear","Stage_Normal_0233","AD_N_P4_004_009","StudioDOMA_OZ_INGAME_DIRECTION_BGM_105_44_full_m_20230119.wav","AdventureModeParty","0","True"
"Stage_Normal_0235","Chapter_Normal_016","10","MiddleBoss","71","Stage_MissionGroup_0001","50","Adventure_Normal_FirstReword_235","400","800","","Adventure_RandomReword_Equip_Level5_10","Point_AP","10","StageClear","Stage_Normal_0234","AD_N_P4_004_010","StudioDOMA_OZ_INGAME_DIRECTION_BGM_105_44_full_m_20230119.wav","AdventureModeParty","0","True"
"Stage_Normal_0236","Chapter_Normal_016","11","Normal","71","Stage_MissionGroup_0001","50","Adventure_Normal_FirstReword_236","400","800","","Adventure_RandomReword_Equip_Level5_11","Point_AP","10","StageClear","Stage_Normal_0235","AD_N_P4_004_011","StudioDOMA_OZ_INGAME_DIRECTION_BGM_105_44_full_m_20230119.wav","AdventureModeParty","0","True"
"Stage_Normal_0237","Chapter_Normal_016","12","Normal","71","Stage_MissionGroup_0001","50","Adventure_Normal_FirstReword_237","400","800","","Adventure_RandomReword_Equip_Level5_12","Point_AP","10","StageClear","Stage_Normal_0236","AD_N_P4_004_012","StudioDOMA_OZ_INGAME_DIRECTION_BGM_105_44_full_m_20230119.wav","AdventureModeParty","0","True"
"Stage_Normal_0238","Chapter_Normal_016","13","Normal","71","Stage_MissionGroup_0001","50","Adventure_Normal_FirstReword_238","400","800","","Adventure_RandomReword_Equip_Level5_13","Point_AP","10","StageClear","Stage_Normal_0237","AD_N_P4_004_013","StudioDOMA_OZ_INGAME_DIRECTION_BGM_105_44_full_m_20230119.wav","AdventureModeParty","0","True"
"Stage_Normal_0239","Chapter_Normal_016","14","Normal","71","Stage_MissionGroup_0001","50","Adventure_Normal_FirstReword_239","400","800","","Adventure_RandomReword_Equip_Level5_14","Point_AP","10","StageClear","Stage_Normal_0238","AD_N_P4_004_014","StudioDOMA_OZ_INGAME_DIRECTION_BGM_105_44_full_m_20230119.wav","AdventureModeParty","0","True"
"Stage_Normal_0240","Chapter_Normal_016","15","Boss","72","Stage_MissionGroup_0001","50","Adventure_Normal_FirstReword_240","400","800","","Adventure_RandomReword_Equip_Level5_15","Point_AP","10","StageClear","Stage_Normal_0239","AD_N_P4_004_015","StudioDOMA_OZ_INGAME_DIRECTION_BGM_105_44_full_m_20230119.wav","AdventureModeParty","0","True"
"Stage_Hard_0001","Chapter_Hard_001","1","Normal","6","Stage_MissionGroup_0001","50","Adventure_Hard_FirstReword_1","800","1600","","Adventure_Hard_RandomReword_1","Point_AP","20","StageClear","Stage_Normal_0015","AD_H_P1_001_001","StudioDOMA_OZ_INGAME_DIRECTION_BGM_105_44_full_m_20230119.wav","AdventureModeParty","3","True"
"Stage_Hard_0002","Chapter_Hard_001","2","MiddleBoss","8","Stage_MissionGroup_0001","50","Adventure_Hard_FirstReword_2","800","1600","","Adventure_Hard_RandomReword_2","Point_AP","20","StageClear","Stage_Hard_0001","AD_H_P1_001_002","StudioDOMA_OZ_INGAME_DIRECTION_BGM_105_44_full_m_20230119.wav","AdventureModeParty","3","True"
"Stage_Hard_0003","Chapter_Hard_001","3","Boss","10","Stage_MissionGroup_0001","50","Adventure_Hard_FirstReword_3","800","1600","","Adventure_Hard_RandomReword_3","Point_AP","20","StageClear","Stage_Hard_0002","AD_H_P1_001_003","StudioDOMA_OZ_INGAME_DIRECTION_BGM_105_44_full_m_20230119.wav","AdventureModeParty","3","True"
"Stage_Hard_0004","Chapter_Hard_002","1","Normal","11","Stage_MissionGroup_0001","50","Adventure_Hard_FirstReword_4","800","1600","","Adventure_Hard_RandomReword_4","Point_AP","20","StageClear","Stage_Normal_0030","AD_H_P1_002_001","StudioDOMA_OZ_INGAME_DIRECTION_BGM_105_44_full_m_20230119.wav","AdventureModeParty","3","True"
"Stage_Hard_0005","Chapter_Hard_002","2","MiddleBoss","13","Stage_MissionGroup_0001","50","Adventure_Hard_FirstReword_5","800","1600","","Adventure_Hard_RandomReword_5","Point_AP","20","StageClear","Stage_Hard_0004","AD_H_P1_002_002","StudioDOMA_OZ_INGAME_DIRECTION_BGM_105_44_full_m_20230119.wav","AdventureModeParty","3","True"
"Stage_Hard_0006","Chapter_Hard_002","3","Boss","15","Stage_MissionGroup_0001","50","Adventure_Hard_FirstReword_6","800","1600","","Adventure_Hard_RandomReword_6","Point_AP","20","StageClear","Stage_Hard_0005","AD_H_P1_002_003","StudioDOMA_OZ_INGAME_DIRECTION_BGM_105_44_full_m_20230119.wav","AdventureModeParty","3","True"
"Stage_Hard_0007","Chapter_Hard_003","1","Normal","16","Stage_MissionGroup_0001","50","Adventure_Hard_FirstReword_7","800","1600","","Adventure_Hard_RandomReword_7","Point_AP","20","StageClear","Stage_Normal_0045","AD_H_P1_003_001","StudioDOMA_OZ_INGAME_DIRECTION_BGM_105_44_full_m_20230119.wav","AdventureModeParty","3","True"
"Stage_Hard_0008","Chapter_Hard_003","2","MiddleBoss","18","Stage_MissionGroup_0001","50","Adventure_Hard_FirstReword_8","800","1600","","Adventure_Hard_RandomReword_8","Point_AP","20","StageClear","Stage_Hard_0007","AD_H_P1_003_002","StudioDOMA_OZ_INGAME_DIRECTION_BGM_105_44_full_m_20230119.wav","AdventureModeParty","3","True"
"Stage_Hard_0009","Chapter_Hard_003","3","Boss","20","Stage_MissionGroup_0001","50","Adventure_Hard_FirstReword_9","800","1600","","Adventure_Hard_RandomReword_9","Point_AP","20","StageClear","Stage_Hard_0008","AD_H_P1_003_003","StudioDOMA_OZ_INGAME_DIRECTION_BGM_105_44_full_m_20230119.wav","AdventureModeParty","3","True"
"Stage_Hard_0010","Chapter_Hard_004","1","Normal","21","Stage_MissionGroup_0001","50","Adventure_Hard_FirstReword_10","800","1600","","Adventure_Hard_RandomReword_10","Point_AP","20","StageClear","Stage_Normal_0060","AD_H_P1_004_001","StudioDOMA_OZ_INGAME_DIRECTION_BGM_105_44_full_m_20230119.wav","AdventureModeParty","3","True"
"Stage_Hard_0011","Chapter_Hard_004","2","MiddleBoss","23","Stage_MissionGroup_0001","50","Adventure_Hard_FirstReword_11","800","1600","","Adventure_Hard_RandomReword_11","Point_AP","20","StageClear","Stage_Hard_0010","AD_H_P1_004_002","StudioDOMA_OZ_INGAME_DIRECTION_BGM_105_44_full_m_20230119.wav","AdventureModeParty","3","True"
"Stage_Hard_0012","Chapter_Hard_004","3","Boss","25","Stage_MissionGroup_0001","50","Adventure_Hard_FirstReword_12","800","1600","","Adventure_Hard_RandomReword_12","Point_AP","20","StageClear","Stage_Hard_0011","AD_H_P1_004_003","StudioDOMA_OZ_INGAME_DIRECTION_BGM_105_44_full_m_20230119.wav","AdventureModeParty","3","True"
"Stage_Hard_0013","Chapter_Hard_005","1","Normal","26","Stage_MissionGroup_0001","50","Adventure_Hard_FirstReword_13","800","1600","","Adventure_Hard_RandomReword_13","Point_AP","20","StageClear","Stage_Normal_0075","AD_H_P2_001_001","StudioDOMA_OZ_INGAME_DIRECTION_BGM_105_44_full_m_20230119.wav","AdventureModeParty","3","True"
"Stage_Hard_0014","Chapter_Hard_005","2","MiddleBoss","28","Stage_MissionGroup_0001","50","Adventure_Hard_FirstReword_14","800","1600","","Adventure_Hard_RandomReword_14","Point_AP","20","StageClear","Stage_Hard_0013","AD_H_P2_001_002","StudioDOMA_OZ_INGAME_DIRECTION_BGM_105_44_full_m_20230119.wav","AdventureModeParty","3","True"
"Stage_Hard_0015","Chapter_Hard_005","3","Boss","30","Stage_MissionGroup_0001","50","Adventure_Hard_FirstReword_15","800","1600","","Adventure_Hard_RandomReword_15","Point_AP","20","StageClear","Stage_Hard_0014","AD_H_P2_001_003","StudioDOMA_OZ_INGAME_DIRECTION_BGM_105_44_full_m_20230119.wav","AdventureModeParty","3","True"
"Stage_Hard_0016","Chapter_Hard_006","1","Normal","31","Stage_MissionGroup_0001","50","Adventure_Hard_FirstReword_16","800","1600","","Adventure_Hard_RandomReword_16","Point_AP","20","StageClear","Stage_Normal_0090","AD_H_P2_002_001","StudioDOMA_OZ_INGAME_DIRECTION_BGM_105_44_full_m_20230119.wav","AdventureModeParty","3","True"
"Stage_Hard_0017","Chapter_Hard_006","2","MiddleBoss","33","Stage_MissionGroup_0001","50","Adventure_Hard_FirstReword_17","800","1600","","Adventure_Hard_RandomReword_17","Point_AP","20","StageClear","Stage_Hard_0016","AD_H_P2_002_002","StudioDOMA_OZ_INGAME_DIRECTION_BGM_105_44_full_m_20230119.wav","AdventureModeParty","3","True"
"Stage_Hard_0018","Chapter_Hard_006","3","Boss","35","Stage_MissionGroup_0001","50","Adventure_Hard_FirstReword_18","800","1600","","Adventure_Hard_RandomReword_18","Point_AP","20","StageClear","Stage_Hard_0017","AD_H_P2_002_003","StudioDOMA_OZ_INGAME_DIRECTION_BGM_105_44_full_m_20230119.wav","AdventureModeParty","3","True"
"Stage_Hard_0019","Chapter_Hard_007","1","Normal","36","Stage_MissionGroup_0001","50","Adventure_Hard_FirstReword_19","800","1600","","Adventure_Hard_RandomReword_19","Point_AP","20","StageClear","Stage_Normal_0105","AD_H_P2_003_001","StudioDOMA_OZ_INGAME_DIRECTION_BGM_105_44_full_m_20230119.wav","AdventureModeParty","3","True"
"Stage_Hard_0020","Chapter_Hard_007","2","MiddleBoss","38","Stage_MissionGroup_0001","50","Adventure_Hard_FirstReword_20","800","1600","","Adventure_Hard_RandomReword_20","Point_AP","20","StageClear","Stage_Hard_0019","AD_H_P2_003_002","StudioDOMA_OZ_INGAME_DIRECTION_BGM_105_44_full_m_20230119.wav","AdventureModeParty","3","True"
"Stage_Hard_0021","Chapter_Hard_007","3","Boss","40","Stage_MissionGroup_0001","50","Adventure_Hard_FirstReword_21","800","1600","","Adventure_Hard_RandomReword_21","Point_AP","20","StageClear","Stage_Hard_0020","AD_H_P2_003_003","StudioDOMA_OZ_INGAME_DIRECTION_BGM_105_44_full_m_20230119.wav","AdventureModeParty","3","True"
"Stage_Hard_0022","Chapter_Hard_008","1","Normal","41","Stage_MissionGroup_0001","50","Adventure_Hard_FirstReword_22","800","1600","","Adventure_Hard_RandomReword_22","Point_AP","20","StageClear","Stage_Normal_0120","AD_H_P2_004_001","StudioDOMA_OZ_INGAME_DIRECTION_BGM_105_44_full_m_20230119.wav","AdventureModeParty","3","True"
"Stage_Hard_0023","Chapter_Hard_008","2","MiddleBoss","43","Stage_MissionGroup_0001","50","Adventure_Hard_FirstReword_23","800","1600","","Adventure_Hard_RandomReword_23","Point_AP","20","StageClear","Stage_Hard_0022","AD_H_P2_004_002","StudioDOMA_OZ_INGAME_DIRECTION_BGM_105_44_full_m_20230119.wav","AdventureModeParty","3","True"
"Stage_Hard_0024","Chapter_Hard_008","3","Boss","45","Stage_MissionGroup_0001","50","Adventure_Hard_FirstReword_24","800","1600","","Adventure_Hard_RandomReword_24","Point_AP","20","StageClear","Stage_Hard_0023","AD_H_P2_004_003","StudioDOMA_OZ_INGAME_DIRECTION_BGM_105_44_full_m_20230119.wav","AdventureModeParty","3","True"
"Stage_Hard_0025","Chapter_Hard_009","1","Normal","46","Stage_MissionGroup_0001","50","Adventure_Hard_FirstReword_25","800","1600","","Adventure_Hard_RandomReword_25","Point_AP","20","StageClear","Stage_Normal_0135","AD_H_P3_001_001","StudioDOMA_OZ_INGAME_DIRECTION_BGM_105_44_full_m_20230119.wav","AdventureModeParty","3","True"
"Stage_Hard_0026","Chapter_Hard_009","2","MiddleBoss","48","Stage_MissionGroup_0001","50","Adventure_Hard_FirstReword_26","800","1600","","Adventure_Hard_RandomReword_26","Point_AP","20","StageClear","Stage_Hard_0025","AD_H_P3_001_002","StudioDOMA_OZ_INGAME_DIRECTION_BGM_105_44_full_m_20230119.wav","AdventureModeParty","3","True"
"Stage_Hard_0027","Chapter_Hard_009","3","Boss","50","Stage_MissionGroup_0001","50","Adventure_Hard_FirstReword_27","800","1600","","Adventure_Hard_RandomReword_27","Point_AP","20","StageClear","Stage_Hard_0026","AD_H_P3_001_003","StudioDOMA_OZ_INGAME_DIRECTION_BGM_105_44_full_m_20230119.wav","AdventureModeParty","3","True"
"Stage_Hard_0028","Chapter_Hard_010","1","Normal","51","Stage_MissionGroup_0001","50","Adventure_Hard_FirstReword_28","800","1600","","Adventure_Hard_RandomReword_28","Point_AP","20","StageClear","Stage_Normal_0150","AD_H_P3_002_001","StudioDOMA_OZ_INGAME_DIRECTION_BGM_105_44_full_m_20230119.wav","AdventureModeParty","3","True"
"Stage_Hard_0029","Chapter_Hard_010","2","MiddleBoss","53","Stage_MissionGroup_0001","50","Adventure_Hard_FirstReword_29","800","1600","","Adventure_Hard_RandomReword_29","Point_AP","20","StageClear","Stage_Hard_0028","AD_H_P3_002_002","StudioDOMA_OZ_INGAME_DIRECTION_BGM_105_44_full_m_20230119.wav","AdventureModeParty","3","True"
"Stage_Hard_0030","Chapter_Hard_010","3","Boss","54","Stage_MissionGroup_0001","50","Adventure_Hard_FirstReword_30","800","1600","","Adventure_Hard_RandomReword_30","Point_AP","20","StageClear","Stage_Hard_0029","AD_H_P3_002_003","StudioDOMA_OZ_INGAME_DIRECTION_BGM_105_44_full_m_20230119.wav","AdventureModeParty","3","True"
"Stage_Hard_0031","Chapter_Hard_011","1","Normal","55","Stage_MissionGroup_0001","50","Adventure_Hard_FirstReword_31","800","1600","","Adventure_Hard_RandomReword_31","Point_AP","20","StageClear","Stage_Normal_0165","AD_H_P3_003_001","StudioDOMA_OZ_INGAME_DIRECTION_BGM_105_44_full_m_20230119.wav","AdventureModeParty","3","True"
"Stage_Hard_0032","Chapter_Hard_011","2","MiddleBoss","56","Stage_MissionGroup_0001","50","Adventure_Hard_FirstReword_32","800","1600","","Adventure_Hard_RandomReword_32","Point_AP","20","StageClear","Stage_Hard_0031","AD_H_P3_003_002","StudioDOMA_OZ_INGAME_DIRECTION_BGM_105_44_full_m_20230119.wav","AdventureModeParty","3","True"
"Stage_Hard_0033","Chapter_Hard_011","3","Boss","58","Stage_MissionGroup_0001","50","Adventure_Hard_FirstReword_33","800","1600","","Adventure_Hard_RandomReword_33","Point_AP","20","StageClear","Stage_Hard_0032","AD_H_P3_003_003","StudioDOMA_OZ_INGAME_DIRECTION_BGM_105_44_full_m_20230119.wav","AdventureModeParty","3","True"
"Stage_Hard_0034","Chapter_Hard_012","1","Normal","59","Stage_MissionGroup_0001","50","Adventure_Hard_FirstReword_34","800","1600","","Adventure_Hard_RandomReword_34","Point_AP","20","StageClear","Stage_Normal_0180","AD_H_P3_004_001","StudioDOMA_OZ_INGAME_DIRECTION_BGM_105_44_full_m_20230119.wav","AdventureModeParty","3","True"
"Stage_Hard_0035","Chapter_Hard_012","2","MiddleBoss","61","Stage_MissionGroup_0001","50","Adventure_Hard_FirstReword_35","800","1600","","Adventure_Hard_RandomReword_35","Point_AP","20","StageClear","Stage_Hard_0034","AD_H_P3_004_002","StudioDOMA_OZ_INGAME_DIRECTION_BGM_105_44_full_m_20230119.wav","AdventureModeParty","3","True"
"Stage_Hard_0036","Chapter_Hard_012","3","Boss","62","Stage_MissionGroup_0001","50","Adventure_Hard_FirstReword_36","800","1600","","Adventure_Hard_RandomReword_36","Point_AP","20","StageClear","Stage_Hard_0035","AD_H_P3_004_003","StudioDOMA_OZ_INGAME_DIRECTION_BGM_105_44_full_m_20230119.wav","AdventureModeParty","3","True"
"Stage_Hard_0037","Chapter_Hard_013","1","Normal","63","Stage_MissionGroup_0001","50","Adventure_Hard_FirstReword_37","800","1600","","Adventure_Hard_RandomReword_37","Point_AP","20","StageClear","Stage_Normal_0195","AD_H_P4_001_001","StudioDOMA_OZ_INGAME_DIRECTION_BGM_105_44_full_m_20230119.wav","AdventureModeParty","3","True"
"Stage_Hard_0038","Chapter_Hard_013","2","MiddleBoss","65","Stage_MissionGroup_0001","50","Adventure_Hard_FirstReword_38","800","1600","","Adventure_Hard_RandomReword_38","Point_AP","20","StageClear","Stage_Hard_0037","AD_H_P4_001_002","StudioDOMA_OZ_INGAME_DIRECTION_BGM_105_44_full_m_20230119.wav","AdventureModeParty","3","True"
"Stage_Hard_0039","Chapter_Hard_013","3","Boss","66","Stage_MissionGroup_0001","50","Adventure_Hard_FirstReword_39","800","1600","","Adventure_Hard_RandomReword_39","Point_AP","20","StageClear","Stage_Hard_0038","AD_H_P4_001_003","StudioDOMA_OZ_INGAME_DIRECTION_BGM_105_44_full_m_20230119.wav","AdventureModeParty","3","True"
"Stage_Hard_0040","Chapter_Hard_014","1","Normal","67","Stage_MissionGroup_0001","50","Adventure_Hard_FirstReword_40","800","1600","","Adventure_Hard_RandomReword_40","Point_AP","20","StageClear","Stage_Normal_0210","AD_H_P4_002_001","StudioDOMA_OZ_INGAME_DIRECTION_BGM_105_44_full_m_20230119.wav","AdventureModeParty","3","True"
"Stage_Hard_0041","Chapter_Hard_014","2","MiddleBoss","68","Stage_MissionGroup_0001","50","Adventure_Hard_FirstReword_41","800","1600","","Adventure_Hard_RandomReword_41","Point_AP","20","StageClear","Stage_Hard_0040","AD_H_P4_002_002","StudioDOMA_OZ_INGAME_DIRECTION_BGM_105_44_full_m_20230119.wav","AdventureModeParty","3","True"
"Stage_Hard_0042","Chapter_Hard_014","3","Boss","69","Stage_MissionGroup_0001","50","Adventure_Hard_FirstReword_42","800","1600","","Adventure_Hard_RandomReword_42","Point_AP","20","StageClear","Stage_Hard_0041","AD_H_P4_002_003","StudioDOMA_OZ_INGAME_DIRECTION_BGM_105_44_full_m_20230119.wav","AdventureModeParty","3","True"
"Stage_Hard_0043","Chapter_Hard_015","1","Normal","70","Stage_MissionGroup_0001","50","Adventure_Hard_FirstReword_43","800","1600","","Adventure_Hard_RandomReword_43","Point_AP","20","StageClear","Stage_Normal_0225","AD_H_P4_003_001","StudioDOMA_OZ_INGAME_DIRECTION_BGM_105_44_full_m_20230119.wav","AdventureModeParty","3","True"
"Stage_Hard_0044","Chapter_Hard_015","2","MiddleBoss","71","Stage_MissionGroup_0001","50","Adventure_Hard_FirstReword_44","800","1600","","Adventure_Hard_RandomReword_44","Point_AP","20","StageClear","Stage_Hard_0043","AD_H_P4_003_002","StudioDOMA_OZ_INGAME_DIRECTION_BGM_105_44_full_m_20230119.wav","AdventureModeParty","3","True"
"Stage_Hard_0045","Chapter_Hard_015","3","Boss","72","Stage_MissionGroup_0001","50","Adventure_Hard_FirstReword_45","800","1600","","Adventure_Hard_RandomReword_45","Point_AP","20","StageClear","Stage_Hard_0044","AD_H_P4_003_003","StudioDOMA_OZ_INGAME_DIRECTION_BGM_105_44_full_m_20230119.wav","AdventureModeParty","3","True"
"Stage_Hard_0046","Chapter_Hard_016","1","Normal","73","Stage_MissionGroup_0001","50","Adventure_Hard_FirstReword_46","800","1600","","Adventure_Hard_RandomReword_46","Point_AP","20","StageClear","Stage_Normal_0240","AD_H_P4_004_001","StudioDOMA_OZ_INGAME_DIRECTION_BGM_105_44_full_m_20230119.wav","AdventureModeParty","3","True"
"Stage_Hard_0047","Chapter_Hard_016","2","MiddleBoss","73","Stage_MissionGroup_0001","50","Adventure_Hard_FirstReword_47","800","1600","","Adventure_Hard_RandomReword_47","Point_AP","20","StageClear","Stage_Hard_0046","AD_H_P4_004_002","StudioDOMA_OZ_INGAME_DIRECTION_BGM_105_44_full_m_20230119.wav","AdventureModeParty","3","True"
"Stage_Hard_0048","Chapter_Hard_016","3","Boss","74","Stage_MissionGroup_0001","50","Adventure_Hard_FirstReword_48","800","1600","","Adventure_Hard_RandomReword_48","Point_AP","20","StageClear","Stage_Hard_0047","AD_H_P4_004_003","StudioDOMA_OZ_INGAME_DIRECTION_BGM_105_44_full_m_20230119.wav","AdventureModeParty","3","True"
