"Account_Char_User","","","","",""
"Account_Char_001","Char_001","Dorothy","Str_Char_001_S01_B_Introduce","Str_Char_001_S01_B_Hashtag","Proflieimage_Char_001_S01_B"
"Account_Char_002","Char_002","Rygar","Str_Char_002_S01_R_Introduce","Str_Char_002_S01_R_Hashtag","Proflieimage_Char_002_S01_R"
"Account_Char_003","Char_003","Zenoa","Str_Char_003_S01_B_Introduce","Str_Char_003_S01_B_Hashtag","Proflieimage_Char_003_S01_B"
"Account_Char_005","Char_005","Avenir","Str_Char_005_S01_D_Introduce","Str_Char_005_S01_D_Hashtag","Proflieimage_Char_005_S01_D"
"Account_Char_006","Char_006","Seed","Str_Char_006_S01_G_Introduce","Str_Char_006_S01_G_Hashtag","Proflieimage_Char_006_S01_G"
"Account_Char_007","Char_007","Gamone","Str_Char_007_S01_D_Introduce","Str_Char_007_S01_D_Hashtag","Proflieimage_Char_007_S01_D"
"Account_Char_008","Char_008","Jerome","Str_Char_008_S01_B_Introduce","Str_Char_008_S02_B_Hashtag","Profileimage_Char_008_S02_B"
"Account_Char_009","Char_009","Trish","Str_Char_009_S01_G_Introduce","Str_Char_009_S01_G_Hashtag","Profileimage_Char_009_S01_G"
"Account_Char_010","Char_010","Esmeralda","Str_Char_010_S01_B_Introduce","Str_Char_010_S01_B_Hashtag","Proflieimage_Char_010_S01_B"
"Account_Char_011","Char_011","Ali","Str_Char_011_S01_R_Introduce","Str_Char_011_S01_R_Hashtag","Proflieimage_Char_011_S01_R"
"Account_Char_014","Char_014","Ingrid","Str_Char_014_S01_D_Introduce","Str_Char_014_S01_D_Hashtag","Proflieimage_Char_014_S01_D"
"Account_Char_015","Char_015","Drake","Str_Char_015_S01_B_Introduce","Str_Char_015_S01_B_Hashtag","Proflieimage_Char_015_S01_B"
"Account_Char_016","Char_016","Shrike","Str_Char_016_S01_B_Introduce","Str_Char_016_S02_B_Hashtag","Profileimage_Char_016_S02_B"
"Account_Char_017","Char_017","Glaze","Str_Char_017_S01_G_Introduce","Str_Char_017_S02_G_Hashtag","Profileimage_Char_017_S02_G"
"Account_Char_034","Char_034","Charlotte","Str_Char_034_S01_B_Introduce","Str_Char_034_S02_B_Hashtag","Profileimage_Char_034_S02_B"
"Account_Char_037","Char_037","Nina","Str_Char_037_S01_L_Introduce","Str_Char_037_S01_L_Hashtag","Profileimage_Char_037_S01_L"
"Account_Char_038","Char_038","Scheherazade","Str_Char_038_S01_L_Introduce","Str_Char_038_S01_L_Hashtag","Profileimage_Char_038_S01_L"
"Account_Char_039","Char_039","Enoxia","Str_Char_039_S01_G_Introduce","Str_Char_039_S01_G_Hashtag","Proflieimage_Char_039_S01_G"
"Account_Char_040","Char_040","Percy","Str_Char_040_S01_R_Introduce","Str_Char_040_S01_R_Hashtag","Proflieimage_Char_040_S01_R"
"Account_Char_041","Char_041","Khadiya","Str_Char_041_S01_R_Introduce","Str_Char_041_S01_R_Hashtag","Proflieimage_Char_041_S01_R"
"Account_Char_044","Char_044","Binz","Str_Char_044_S01_D_Introduce","Str_Char_044_S01_D_Hashtag","Proflieimage_Char_044_S01_D"
"Account_Char_050","Char_050","Fin","Str_Char_050_S01_B_Introduce","Str_Char_050_S01_B_Hashtag","Proflieimage_Char_050_S01_B"
"Account_Char_051","Char_051","Leah","Str_Char_051_S01_B_Introduce","Str_Char_051_S01_B_Hashtag","Proflieimage_Char_051_S01_B"
"Account_Char_062","Char_062","Flowri","Str_Char_062_S01_G_Introduce","Str_Char_062_S01_G_Hashtag","Proflieimage_Char_062_S01_G"
"Account_Char_064","Char_064","Sharon","Str_Char_064_S01_R_Introduce","Str_Char_064_S01_R_Hashtag","Proflieimage_Char_064_S01_R"
"Account_Char_066","Char_066","Mimir","Str_Char_066_S01_B_Introduce","Str_Char_066_S01_B_Hashtag","Proflieimage_Char_066_S01_B"
"Account_Char_067","Char_067","Paine","Str_Char_067_S01_B_Introduce","Str_Char_067_S01_B_Hashtag","Proflieimage_Char_067_S01_B"
"Account_Char_072","Char_072","JamieHook","Str_Char_072_S01_R_Introduce","Str_Char_072_S01_R_Hashtag","Profileimage_Char_072_S01_R"
"Account_Char_073","Char_073","Leaf","Str_Char_073_S01_G_Introduce","Str_Char_073_S01_G_Hashtag","Proflieimage_Char_073_S01_G"
"Account_Char_074","Char_074","Tally","Str_Char_074_S01_R_Introduce","Str_Char_074_S01_R_Hashtag","Proflieimage_Char_074_S01_R"
"Account_Char_077","Char_077","Angel","Str_Char_077_S01_G_Introduce","Str_Char_077_S01_G_Hashtag","Profileimage_Char_077_S01_G"
"Account_Char_078","Char_078","Roxy","Str_Char_078_S01_R_Introduce","Str_Char_078_S02_R_Hashtag","Profileimage_Char_078_S02_R"
"Account_Char_080","Char_080","ChiChi","Str_Char_080_S01_G_Introduce","Str_Char_080_S01_G_Hashtag","Proflieimage_Char_080_S01_G"
"Account_Char_083","Char_083","Rin","Str_Char_083_S01_B_Introduce","Str_Char_083_S01_B_Hashtag","Profileimage_Char_083_S01_B"
"Account_Char_084","Char_084","Bell","Str_Char_084_S01_G_Introduce","Str_Char_084_S01_G_Hashtag","Profileimage_Char_084_S01_G"
"Account_Char_085","Char_085","Kaoru","Str_Char_085_S01_B_Introduce","Str_Char_085_S01_B_Hashtag","Profileimage_Char_085_S01_B"
"Account_Char_087","Char_087","Amelia","Str_Char_087_S01_B_Introduce","Str_Char_087_S01_B_Hashtag","Profileimage_Char_087_S01_B"
"Account_Char_088","Char_088","Belladonna","Str_Char_088_S01_R_Introduce","Str_Char_088_S01_R_Hashtag","Profileimage_Char_088_S01_R"
"Account_Char_089","Char_089","Camilla","Str_Char_089_S01_D_Introduce","Str_Char_089_S01_D_Hashtag","Profileimage_Char_089_S01_D"
"Account_Char_090","Char_090","Hilde","Str_Char_090_S01_L_Introduce","Str_Char_090_S01_L_Hashtag","Profileimage_Char_090_S01_L"
"Account_Char_091","Char_091","Jax","Str_Char_091_S01_G_Introduce","Str_Char_091_S01_G_Hashtag","Proflieimage_Char_091_S01_G"
"Account_Char_097","Char_097","Snow","Str_Char_097_S01_D_Introduce","Str_Char_097_S01_D_Hashtag","Profileimage_Char_097_S01_D"
"Account_Char_098","Char_098","Miki","Str_Char_098_S01_R_Introduce","Str_Char_098_S01_R_Hashtag","Proflieimage_Char_098_S01_R"
"Account_Char_099","Char_099","Harvester","Str_Char_099_S01_G_Introduce","Str_Char_099_S01_G_Hashtag","Proflieimage_Char_099_S01_G"
"Account_Char_100","Char_100","Kohaku","Str_Char_100_S01_G_Introduce","Str_Char_100_S01_G_Hashtag","Proflieimage_Char_100_S01_G"
"Account_Char_101","Char_101","Aria","Str_Char_101_S01_B_Introduce","Str_Char_101_S01_B_Hashtag","Proflieimage_Char_101_S01_B"
"Account_Char_102","Char_102","Bari","Str_Char_102_S01_B_Introduce","Str_Char_102_S01_B_Hashtag","Profileimage_Char_102_S01_B"
"Account_Char_103","Char_103","Chloe","Str_Char_103_S01_G_Introduce","Str_Char_103_S01_G_Hashtag","Profileimage_Char_103_S01_G"
"Account_Char_104","Char_104","Eleonora","Str_Char_104_S01_G_Introduce","Str_Char_104_S01_G_Hashtag","Profileimage_Char_104_S02_G"
"Account_Char_105","Char_105","Laura","Str_Char_105_S01_B_Introduce","Str_Char_105_S01_B_Hashtag","Proflieimage_Char_105_S01_B"
"Account_Char_106","Char_106","Capeline","Str_Char_106_S01_R_Introduce","Str_Char_106_S01_R_Hashtag","Proflieimage_Char_106_S01_R"
"Account_Char_107","Char_107","Jean","Str_Char_107_S01_G_Introduce","Str_Char_107_S01_G_Hashtag","Proflieimage_Char_107_S01_G"
"Account_Char_110","Char_110","Iel","Str_Char_110_S01_G_Introduce","Str_Char_110_S01_G_Hashtag","Proflieimage_Char_110_S01_G"
"Account_Char_111","Char_111","Lily","Str_Char_111_S01_B_Introduce","Str_Char_111_S01_B_Hashtag","Proflieimage_Char_111_S01_B"
"Account_Char_112","Char_112","Marie","Str_Char_112_S01_B_Introduce","Str_Char_112_S01_B_Hashtag","Proflieimage_Char_112_S01_B"
"Account_Char_113","Char_113","Astia","Str_Char_113_S01_B_Introduce","Str_Char_113_S01_B_Hashtag","Proflieimage_Char_113_S01_B"
"Account_Char_114","Char_114","Khatimah","Str_Char_114_S01_B_Introduce","Str_Char_114_S01_B_Hashtag","Proflieimage_Char_114_S01_B"
"Account_Char_115","Char_115","Otohime","Str_Char_115_S01_B_Introduce","Str_Char_115_S01_B_Hashtag","Proflieimage_Char_115_S01_B"
"Account_Char_116","Char_116","Emma","Str_Char_116_S01_R_Introduce","Str_Char_116_S01_R_Hashtag","Proflieimage_Char_116_S01_R"
"Account_Char_118","Char_118","Suli","Str_Char_118_S01_B_Introduce","Str_Char_118_S01_B_Hashtag","Proflieimage_Char_118_S01_B"
