"Prologue_C024","Mon_024_Prologue","","1","1","1","1","1","","","","","",""
"Prologue_C591","Mon_591_Prologue","","1","1","1","1","1","","","","","",""
"Prologue_C025","Mon_025_Prologue","","1","1","1","1","1","","","","","",""
"Prologue_C525","Mon_525_Prologue","","1","1","1","1","1","","","","","",""
"Prologue_C537","Mon_537_Prologue","","1","1","1","1","1","","","","","",""
"Prologue_C021","Mon_021_Prologue","FinalBoss","1","1","1","1","1","","","","","",""
"CH1_F_C027G_G1","Mon_027G_CH1","","1","1","1","1","1","","","","","",""
"CH1_F_C027G_G1_01","Mon_027G_CH1","","1","1","1","1","1","","","","","",""
"CH1_F_C027G_G1_02","Mon_027G_CH1","","1","1","1","2","1","","","","","",""
"CH1_F_C027G_G1_03","Mon_027G_CH1","","1","1","1","3","1","","","","","",""
"CH1_F_C027G_G1_04","Mon_027G_CH1","","1","1","1","4","1","","","","","",""
"CH1_F_C027G_G1_05","Mon_027G_CH1","","1","1","1","5","1","","","","","",""
"CH1_F_C027R_G1","Mon_027R_CH1","","1","1","1","1","1","","","","","",""
"CH1_F_C027R_G1_01","Mon_027R_CH1","","1","1","1","1","1","","","","","",""
"CH1_F_C027R_G1_02","Mon_027R_CH1","","1","1","1","2","1","","","","","",""
"CH1_F_C027R_G1_03","Mon_027R_CH1","","1","1","1","3","1","","","","","",""
"CH1_F_C027R_G1_04","Mon_027R_CH1","","1","1","1","4","1","","","","","",""
"CH1_F_C027R_G1_05","Mon_027R_CH1","","1","1","1","5","1","","","","","",""
"CH1_F_C045R_G1","Mon_045R_CH1","","1","1","1","1","1","","","","","",""
"CH1_F_C045R_G1_01","Mon_045R_CH1","","1","1","1","1","1","","","","","",""
"CH1_F_C045R_G1_02","Mon_045R_CH1","","1","1","1","2","1","","","","","",""
"CH1_F_C045R_G1_03","Mon_045R_CH1","","1","1","1","3","1","","","","","",""
"CH1_F_C045R_G1_04","Mon_045R_CH1","","1","1","1","4","1","","","","","",""
"CH1_F_C045R_G1_05","Mon_045R_CH1","","1","1","1","5","1","","","","","",""
"CH1_F_C024G_G1","Mon_024G_CH1","","1","1","1","1","1","","","","","",""
"CH1_F_C024G_G1_01","Mon_024G_CH1","","1","1","1","1","1","","","","","",""
"CH1_F_C024G_G1_02","Mon_024G_CH1","","1","1","1","2","1","","","","","",""
"CH1_F_C024G_G1_03","Mon_024G_CH1","","1","1","1","3","1","","","","","",""
"CH1_F_C024G_G1_04","Mon_024G_CH1","","1","1","1","4","1","","","","","",""
"CH1_F_C024G_G1_05","Mon_024G_CH1","","1","1","1","5","1","","","","","",""
"CH1_F_C030B_G1","Mon_030B_CH1","","1","1","1","1","1","","","","","",""
"CH1_F_C030B_G1_01","Mon_030B_CH1","","1","1","1","1","1","","","","","",""
"CH1_F_C030B_G1_02","Mon_030B_CH1","","1","1","1","2","1","","","","","",""
"CH1_F_C030B_G1_03","Mon_030B_CH1","","1","1","1","3","1","","","","","",""
"CH1_F_C030B_G1_04","Mon_030B_CH1","","1","1","1","4","1","","","","","",""
"CH1_F_C030B_G1_05","Mon_030B_CH1","","1","1","1","5","1","","","","","",""
"CH1_M_C528G_G1","Mon_528G_CH1","","1","1","1","1","1","","","","","",""
"CH1_M_C528G_G1_01","Mon_528G_CH1","","1","1","1","1","1","","","","","",""
"CH1_M_C528G_G1_02","Mon_528G_CH1","","1","1","1","2","1","","","","","",""
"CH1_M_C528G_G1_03","Mon_528G_CH1","","1","1","1","3","1","","","","","",""
"CH1_M_C528G_G1_04","Mon_528G_CH1","","1","1","1","4","1","","","","","",""
"CH1_M_C528G_G1_05","Mon_528G_CH1","","1","1","1","5","1","","","","","",""
"CH1_M_C046G_G1","Mon_046G_CH1","","1","1","1","1","1","","","","","",""
"CH1_M_C046G_G1_01","Mon_046G_CH1","","1","1","1","1","1","","","","","",""
"CH1_M_C046G_G1_02","Mon_046G_CH1","","1","1","1","2","1","","","","","",""
"CH1_M_C046G_G1_03","Mon_046G_CH1","","1","1","1","3","1","","","","","",""
"CH1_M_C046G_G1_04","Mon_046G_CH1","","1","1","1","4","1","","","","","",""
"CH1_M_C046G_G1_05","Mon_046G_CH1","","1","1","1","5","1","","","","","",""
"CH1_M_C057G_G1","Mon_057G_CH1","","1","1","1","1","1","","","","","",""
"CH1_M_C057G_G1_01","Mon_057G_CH1","","1","1","1","1","1","","","","","",""
"CH1_M_C057G_G1_02","Mon_057G_CH1","","1","1","1","2","1","","","","","",""
"CH1_M_C057G_G1_03","Mon_057G_CH1","","1","1","1","3","1","","","","","",""
"CH1_M_C057G_G1_04","Mon_057G_CH1","","1","1","1","4","1","","","","","",""
"CH1_M_C057G_G1_05","Mon_057G_CH1","","1","1","1","5","1","","","","","",""
"CH1_M_C558G_G1","Mon_558G_CH1","","1","1","1","1","1","","","","","",""
"CH1_M_C558G_G1_01","Mon_558G_CH1","","1","1","1","1","1","","","","","",""
"CH1_M_C558G_G1_02","Mon_558G_CH1","","1","1","1","2","1","","","","","",""
"CH1_M_C558G_G1_03","Mon_558G_CH1","","1","1","1","3","1","","","","","",""
"CH1_M_C558G_G1_04","Mon_558G_CH1","","1","1","1","4","1","","","","","",""
"CH1_M_C558G_G1_05","Mon_558G_CH1","","1","1","1","5","1","","","","","",""
"CH1_B_C534R_G1","Mon_534R_CH1","","1","1","1","1","1","","","","","",""
"CH1_B_C534R_G1_01","Mon_534R_CH1","","1","1","1","1","1","","","","","",""
"CH1_B_C534R_G1_02","Mon_534R_CH1","","1","1","1","2","1","","","","","",""
"CH1_B_C534R_G1_03","Mon_534R_CH1","","1","1","1","3","1","","","","","",""
"CH1_B_C534R_G1_04","Mon_534R_CH1","","1","1","1","4","1","","","","","",""
"CH1_B_C534R_G1_05","Mon_534R_CH1","","1","1","1","5","1","","","","","",""
"CH1_B_C530G_G1","Mon_530G_CH1","","1","1","1","1","1","","","","","",""
"CH1_B_C530G_G1_01","Mon_530G_CH1","","1","1","1","1","1","","","","","",""
"CH1_B_C530G_G1_02","Mon_530G_CH1","","1","1","1","2","1","","","","","",""
"CH1_B_C530G_G1_03","Mon_530G_CH1","","1","1","1","3","1","","","","","",""
"CH1_B_C530G_G1_04","Mon_530G_CH1","","1","1","1","4","1","","","","","",""
"CH1_B_C530G_G1_05","Mon_530G_CH1","","1","1","1","5","1","","","","","",""
"CH1_B_C025G_G1","Mon_025G_CH1","","1","1","1","1","1","","","","","",""
"CH1_B_C025G_G1_01","Mon_025G_CH1","","1","1","1","1","1","","","","","",""
"CH1_B_C025G_G1_02","Mon_025G_CH1","","1","1","1","2","1","","","","","",""
"CH1_B_C025G_G1_03","Mon_025G_CH1","","1","1","1","3","1","","","","","",""
"CH1_B_C025G_G1_04","Mon_025G_CH1","","1","1","1","4","1","","","","","",""
"CH1_B_C025G_G1_05","Mon_025G_CH1","","1","1","1","5","1","","","","","",""
"CH1_B_C052G_G1","Mon_052G_CH1","","1","1","1","1","1","","","","","",""
"CH1_B_C052G_G1_01","Mon_052G_CH1","","1","1","1","1","1","","","","","",""
"CH1_B_C052G_G1_02","Mon_052G_CH1","","1","1","1","2","1","","","","","",""
"CH1_B_C052G_G1_03","Mon_052G_CH1","","1","1","1","3","1","","","","","",""
"CH1_B_C052G_G1_04","Mon_052G_CH1","","1","1","1","4","1","","","","","",""
"CH1_B_C052G_G1_05","Mon_052G_CH1","","1","1","1","5","1","","","","","",""
"CH1_M_C531R_G1","Mon_531R_CH1","","1","1","1","1","1","","","","","",""
"CH1_M_C531R_G1_01","Mon_531R_CH1","","1","1","1","1","1","","","","","",""
"CH1_M_C531R_G1_02","Mon_531R_CH1","","1","1","1","2","1","","","","","",""
"CH1_M_C531R_G1_03","Mon_531R_CH1","","1","1","1","3","1","","","","","",""
"CH1_M_C531R_G1_04","Mon_531R_CH1","","1","1","1","4","1","","","","","",""
"CH1_M_C531R_G1_05","Mon_531R_CH1","","1","1","1","5","1","","","","","",""
"CH1_M_C533R_G1","Mon_533R_CH1","","1","1","1","1","1","","","","","",""
"CH1_M_C533R_G1_01","Mon_533R_CH1","","1","1","1","1","1","","","","","",""
"CH1_M_C533R_G1_02","Mon_533R_CH1","","1","1","1","2","1","","","","","",""
"CH1_M_C533R_G1_03","Mon_533R_CH1","","1","1","1","3","1","","","","","",""
"CH1_M_C533R_G1_04","Mon_533R_CH1","","1","1","1","4","1","","","","","",""
"CH1_M_C533R_G1_05","Mon_533R_CH1","","1","1","1","5","1","","","","","",""
"CH1_M_C527R_G1","Mon_527R_CH1","","1","1","1","1","1","","","","","",""
"CH1_M_C527R_G1_01","Mon_527R_CH1","","1","1","1","1","1","","","","","",""
"CH1_M_C527R_G1_02","Mon_527R_CH1","","1","1","1","2","1","","","","","",""
"CH1_M_C527R_G1_03","Mon_527R_CH1","","1","1","1","3","1","","","","","",""
"CH1_M_C527R_G1_04","Mon_527R_CH1","","1","1","1","4","1","","","","","",""
"CH1_M_C527R_G1_05","Mon_527R_CH1","","1","1","1","5","1","","","","","",""
"CH1_F_C051_G1","Mon_051_CH1","","1","1","1","1","1","","","","","",""
"CH1_F_C098_G2","Mon_098_CH1","MiddleBoss","1","1","1","1","1","","","","","",""
"CH2_F_C027G_G1","Mon_027G_CH2","","1","1","1","1","1","","","","","",""
"CH2_F_C027G_G1_01","Mon_027G_CH2","","1","1","1","1","1","","","","","",""
"CH2_F_C027G_G1_02","Mon_027G_CH2","","1","1","1","2","1","","","","","",""
"CH2_F_C027G_G1_03","Mon_027G_CH2","","1","1","1","3","1","","","","","",""
"CH2_F_C027G_G1_04","Mon_027G_CH2","","1","1","1","4","1","","","","","",""
"CH2_F_C027G_G1_05","Mon_027G_CH2","","1","1","1","5","1","","","","","",""
"CH2_F_C027R_G1","Mon_027R_CH2","","1","1","1","1","1","","","","","",""
"CH2_F_C027R_G1_01","Mon_027R_CH2","","1","1","1","1","1","","","","","",""
"CH2_F_C027R_G1_02","Mon_027R_CH2","","1","1","1","2","1","","","","","",""
"CH2_F_C027R_G1_03","Mon_027R_CH2","","1","1","1","3","1","","","","","",""
"CH2_F_C027R_G1_04","Mon_027R_CH2","","1","1","1","4","1","","","","","",""
"CH2_F_C027R_G1_05","Mon_027R_CH2","","1","1","1","5","1","","","","","",""
"CH2_F_C045R_G1","Mon_045R_CH2","","1","1","1","1","1","","","","","",""
"CH2_F_C045R_G1_01","Mon_045R_CH2","","1","1","1","1","1","","","","","",""
"CH2_F_C045R_G1_02","Mon_045R_CH2","","1","1","1","2","1","","","","","",""
"CH2_F_C045R_G1_03","Mon_045R_CH2","","1","1","1","3","1","","","","","",""
"CH2_F_C045R_G1_04","Mon_045R_CH2","","1","1","1","4","1","","","","","",""
"CH2_F_C045R_G1_05","Mon_045R_CH2","","1","1","1","5","1","","","","","",""
"CH2_F_C024G_G1","Mon_024G_CH2","","1","1","1","1","1","","","","","",""
"CH2_F_C024G_G1_01","Mon_024G_CH2","","1","1","1","1","1","","","","","",""
"CH2_F_C024G_G1_02","Mon_024G_CH2","","1","1","1","2","1","","","","","",""
"CH2_F_C024G_G1_03","Mon_024G_CH2","","1","1","1","3","1","","","","","",""
"CH2_F_C024G_G1_04","Mon_024G_CH2","","1","1","1","4","1","","","","","",""
"CH2_F_C024G_G1_05","Mon_024G_CH2","","1","1","1","5","1","","","","","",""
"CH2_F_C030B_G1","Mon_030B_CH2","","1","1","1","1","1","","","","","",""
"CH2_F_C030B_G1_01","Mon_030B_CH2","","1","1","1","1","1","","","","","",""
"CH2_F_C030B_G1_02","Mon_030B_CH2","","1","1","1","2","1","","","","","",""
"CH2_F_C030B_G1_03","Mon_030B_CH2","","1","1","1","3","1","","","","","",""
"CH2_F_C030B_G1_04","Mon_030B_CH2","","1","1","1","4","1","","","","","",""
"CH2_F_C030B_G1_05","Mon_030B_CH2","","1","1","1","5","1","","","","","",""
"CH2_M_C528G_G1","Mon_528G_CH2","","1","1","1","1","1","","","","","",""
"CH2_M_C528G_G1_01","Mon_528G_CH2","","1","1","1","1","1","","","","","",""
"CH2_M_C528G_G1_02","Mon_528G_CH2","","1","1","1","2","1","","","","","",""
"CH2_M_C528G_G1_03","Mon_528G_CH2","","1","1","1","3","1","","","","","",""
"CH2_M_C528G_G1_04","Mon_528G_CH2","","1","1","1","4","1","","","","","",""
"CH2_M_C528G_G1_05","Mon_528G_CH2","","1","1","1","5","1","","","","","",""
"CH2_M_C046G_G1","Mon_046G_CH2","","1","1","1","1","1","","","","","",""
"CH2_M_C046G_G1_01","Mon_046G_CH2","","1","1","1","1","1","","","","","",""
"CH2_M_C046G_G1_02","Mon_046G_CH2","","1","1","1","2","1","","","","","",""
"CH2_M_C046G_G1_03","Mon_046G_CH2","","1","1","1","3","1","","","","","",""
"CH2_M_C046G_G1_04","Mon_046G_CH2","","1","1","1","4","1","","","","","",""
"CH2_M_C046G_G1_05","Mon_046G_CH2","","1","1","1","5","1","","","","","",""
"CH2_M_C057G_G1","Mon_057G_CH2","","1","1","1","1","1","","","","","",""
"CH2_M_C057G_G1_01","Mon_057G_CH2","","1","1","1","1","1","","","","","",""
"CH2_M_C057G_G1_02","Mon_057G_CH2","","1","1","1","2","1","","","","","",""
"CH2_M_C057G_G1_03","Mon_057G_CH2","","1","1","1","3","1","","","","","",""
"CH2_M_C057G_G1_04","Mon_057G_CH2","","1","1","1","4","1","","","","","",""
"CH2_M_C057G_G1_05","Mon_057G_CH2","","1","1","1","5","1","","","","","",""
"CH2_M_C558G_G1","Mon_558G_CH2","","1","1","1","1","1","","","","","",""
"CH2_M_C558G_G1_01","Mon_558G_CH2","","1","1","1","1","1","","","","","",""
"CH2_M_C558G_G1_02","Mon_558G_CH2","","1","1","1","2","1","","","","","",""
"CH2_M_C558G_G1_03","Mon_558G_CH2","","1","1","1","3","1","","","","","",""
"CH2_M_C558G_G1_04","Mon_558G_CH2","","1","1","1","4","1","","","","","",""
"CH2_M_C558G_G1_05","Mon_558G_CH2","","1","1","1","5","1","","","","","",""
"CH2_B_C534R_G1","Mon_534R_CH2","","1","1","1","1","1","","","","","",""
"CH2_B_C534R_G1_01","Mon_534R_CH2","","1","1","1","1","1","","","","","",""
"CH2_B_C534R_G1_02","Mon_534R_CH2","","1","1","1","2","1","","","","","",""
"CH2_B_C534R_G1_03","Mon_534R_CH2","","1","1","1","3","1","","","","","",""
"CH2_B_C534R_G1_04","Mon_534R_CH2","","1","1","1","4","1","","","","","",""
"CH2_B_C534R_G1_05","Mon_534R_CH2","","1","1","1","5","1","","","","","",""
"CH2_B_C530G_G1","Mon_530G_CH2","","1","1","1","1","1","","","","","",""
"CH2_B_C530G_G1_01","Mon_530G_CH2","","1","1","1","1","1","","","","","",""
"CH2_B_C530G_G1_02","Mon_530G_CH2","","1","1","1","2","1","","","","","",""
"CH2_B_C530G_G1_03","Mon_530G_CH2","","1","1","1","3","1","","","","","",""
"CH2_B_C530G_G1_04","Mon_530G_CH2","","1","1","1","4","1","","","","","",""
"CH2_B_C530G_G1_05","Mon_530G_CH2","","1","1","1","5","1","","","","","",""
"CH2_B_C025G_G1","Mon_025G_CH2","","1","1","1","1","1","","","","","",""
"CH2_B_C025G_G1_01","Mon_025G_CH2","","1","1","1","1","1","","","","","",""
"CH2_B_C025G_G1_02","Mon_025G_CH2","","1","1","1","2","1","","","","","",""
"CH2_B_C025G_G1_03","Mon_025G_CH2","","1","1","1","3","1","","","","","",""
"CH2_B_C025G_G1_04","Mon_025G_CH2","","1","1","1","4","1","","","","","",""
"CH2_B_C025G_G1_05","Mon_025G_CH2","","1","1","1","5","1","","","","","",""
"CH2_B_C052G_G1","Mon_052G_CH2","","1","1","1","1","1","","","","","",""
"CH2_B_C052G_G1_01","Mon_052G_CH2","","1","1","1","1","1","","","","","",""
"CH2_B_C052G_G1_02","Mon_052G_CH2","","1","1","1","2","1","","","","","",""
"CH2_B_C052G_G1_03","Mon_052G_CH2","","1","1","1","3","1","","","","","",""
"CH2_B_C052G_G1_04","Mon_052G_CH2","","1","1","1","4","1","","","","","",""
"CH2_B_C052G_G1_05","Mon_052G_CH2","","1","1","1","5","1","","","","","",""
"CH2_M_C531R_G1","Mon_531R_CH2","","1","1","1","1","1","","","","","",""
"CH2_M_C531R_G1_01","Mon_531R_CH2","","1","1","1","1","1","","","","","",""
"CH2_M_C531R_G1_02","Mon_531R_CH2","","1","1","1","2","1","","","","","",""
"CH2_M_C531R_G1_03","Mon_531R_CH2","","1","1","1","3","1","","","","","",""
"CH2_M_C531R_G1_04","Mon_531R_CH2","","1","1","1","4","1","","","","","",""
"CH2_M_C531R_G1_05","Mon_531R_CH2","","1","1","1","5","1","","","","","",""
"CH2_M_C533R_G1","Mon_533R_CH2","","1","1","1","1","1","","","","","",""
"CH2_M_C533R_G1_01","Mon_533R_CH2","","1","1","1","1","1","","","","","",""
"CH2_M_C533R_G1_02","Mon_533R_CH2","","1","1","1","2","1","","","","","",""
"CH2_M_C533R_G1_03","Mon_533R_CH2","","1","1","1","3","1","","","","","",""
"CH2_M_C533R_G1_04","Mon_533R_CH2","","1","1","1","4","1","","","","","",""
"CH2_M_C533R_G1_05","Mon_533R_CH2","","1","1","1","5","1","","","","","",""
"CH2_M_C527R_G1","Mon_527R_CH2","","1","1","1","1","1","","","","","",""
"CH2_M_C527R_G1_01","Mon_527R_CH2","","1","1","1","1","1","","","","","",""
"CH2_M_C527R_G1_02","Mon_527R_CH2","","1","1","1","2","1","","","","","",""
"CH2_M_C527R_G1_03","Mon_527R_CH2","","1","1","1","3","1","","","","","",""
"CH2_M_C527R_G1_04","Mon_527R_CH2","","1","1","1","4","1","","","","","",""
"CH2_M_C527R_G1_05","Mon_527R_CH2","","1","1","1","5","1","","","","","",""
"CH2_F_C051_G1","Mon_051_CH2","","1","1","1","1","1","","","","","",""
"CH2_M_C080_G2","Mon_080_CH2","MiddleBoss","1","1","1","1","1","","","","","",""
"CH3_F_C027G_G1","Mon_027G_CH3","","1","1","1","1","1","","","","","",""
"CH3_F_C027G_G1_01","Mon_027G_CH3","","1","1","1","1","1","","","","","",""
"CH3_F_C027G_G1_02","Mon_027G_CH3","","1","1","1","2","1","","","","","",""
"CH3_F_C027G_G1_03","Mon_027G_CH3","","1","1","1","3","1","","","","","",""
"CH3_F_C027G_G1_04","Mon_027G_CH3","","1","1","1","4","1","","","","","",""
"CH3_F_C027G_G1_05","Mon_027G_CH3","","1","1","1","5","1","","","","","",""
"CH3_F_C027R_G1","Mon_027R_CH3","","1","1","1","1","1","","","","","",""
"CH3_F_C027R_G1_01","Mon_027R_CH3","","1","1","1","1","1","","","","","",""
"CH3_F_C027R_G1_02","Mon_027R_CH3","","1","1","1","2","1","","","","","",""
"CH3_F_C027R_G1_03","Mon_027R_CH3","","1","1","1","3","1","","","","","",""
"CH3_F_C027R_G1_04","Mon_027R_CH3","","1","1","1","4","1","","","","","",""
"CH3_F_C027R_G1_05","Mon_027R_CH3","","1","1","1","5","1","","","","","",""
"CH3_F_C045R_G1","Mon_045R_CH3","","1","1","1","1","1","","","","","",""
"CH3_F_C045R_G1_01","Mon_045R_CH3","","1","1","1","1","1","","","","","",""
"CH3_F_C045R_G1_02","Mon_045R_CH3","","1","1","1","2","1","","","","","",""
"CH3_F_C045R_G1_03","Mon_045R_CH3","","1","1","1","3","1","","","","","",""
"CH3_F_C045R_G1_04","Mon_045R_CH3","","1","1","1","4","1","","","","","",""
"CH3_F_C045R_G1_05","Mon_045R_CH3","","1","1","1","5","1","","","","","",""
"CH3_F_C024G_G1","Mon_024G_CH3","","1","1","1","1","1","","","","","",""
"CH3_F_C024G_G1_01","Mon_024G_CH3","","1","1","1","1","1","","","","","",""
"CH3_F_C024G_G1_02","Mon_024G_CH3","","1","1","1","2","1","","","","","",""
"CH3_F_C024G_G1_03","Mon_024G_CH3","","1","1","1","3","1","","","","","",""
"CH3_F_C024G_G1_04","Mon_024G_CH3","","1","1","1","4","1","","","","","",""
"CH3_F_C024G_G1_05","Mon_024G_CH3","","1","1","1","5","1","","","","","",""
"CH3_F_C030B_G1","Mon_030B_CH3","","1","1","1","1","1","","","","","",""
"CH3_F_C030B_G1_01","Mon_030B_CH3","","1","1","1","1","1","","","","","",""
"CH3_F_C030B_G1_02","Mon_030B_CH3","","1","1","1","2","1","","","","","",""
"CH3_F_C030B_G1_03","Mon_030B_CH3","","1","1","1","3","1","","","","","",""
"CH3_F_C030B_G1_04","Mon_030B_CH3","","1","1","1","4","1","","","","","",""
"CH3_F_C030B_G1_05","Mon_030B_CH3","","1","1","1","5","1","","","","","",""
"CH3_M_C528G_G1","Mon_528G_CH3","","1","1","1","1","1","","","","","",""
"CH3_M_C528G_G1_01","Mon_528G_CH3","","1","1","1","1","1","","","","","",""
"CH3_M_C528G_G1_02","Mon_528G_CH3","","1","1","1","2","1","","","","","",""
"CH3_M_C528G_G1_03","Mon_528G_CH3","","1","1","1","3","1","","","","","",""
"CH3_M_C528G_G1_04","Mon_528G_CH3","","1","1","1","4","1","","","","","",""
"CH3_M_C528G_G1_05","Mon_528G_CH3","","1","1","1","5","1","","","","","",""
"CH3_M_C046G_G1","Mon_046G_CH3","","1","1","1","1","1","","","","","",""
"CH3_M_C046G_G1_01","Mon_046G_CH3","","1","1","1","1","1","","","","","",""
"CH3_M_C046G_G1_02","Mon_046G_CH3","","1","1","1","2","1","","","","","",""
"CH3_M_C046G_G1_03","Mon_046G_CH3","","1","1","1","3","1","","","","","",""
"CH3_M_C046G_G1_04","Mon_046G_CH3","","1","1","1","4","1","","","","","",""
"CH3_M_C046G_G1_05","Mon_046G_CH3","","1","1","1","5","1","","","","","",""
"CH3_M_C057G_G1","Mon_057G_CH3","","1","1","1","1","1","","","","","",""
"CH3_M_C057G_G1_01","Mon_057G_CH3","","1","1","1","1","1","","","","","",""
"CH3_M_C057G_G1_02","Mon_057G_CH3","","1","1","1","2","1","","","","","",""
"CH3_M_C057G_G1_03","Mon_057G_CH3","","1","1","1","3","1","","","","","",""
"CH3_M_C057G_G1_04","Mon_057G_CH3","","1","1","1","4","1","","","","","",""
"CH3_M_C057G_G1_05","Mon_057G_CH3","","1","1","1","5","1","","","","","",""
"CH3_M_C558G_G1","Mon_558G_CH3","","1","1","1","1","1","","","","","",""
"CH3_M_C558G_G1_01","Mon_558G_CH3","","1","1","1","1","1","","","","","",""
"CH3_M_C558G_G1_02","Mon_558G_CH3","","1","1","1","2","1","","","","","",""
"CH3_M_C558G_G1_03","Mon_558G_CH3","","1","1","1","3","1","","","","","",""
"CH3_M_C558G_G1_04","Mon_558G_CH3","","1","1","1","4","1","","","","","",""
"CH3_M_C558G_G1_05","Mon_558G_CH3","","1","1","1","5","1","","","","","",""
"CH3_B_C534R_G1","Mon_534R_CH3","","1","1","1","1","1","","","","","",""
"CH3_B_C534R_G1_01","Mon_534R_CH3","","1","1","1","1","1","","","","","",""
"CH3_B_C534R_G1_02","Mon_534R_CH3","","1","1","1","2","1","","","","","",""
"CH3_B_C534R_G1_03","Mon_534R_CH3","","1","1","1","3","1","","","","","",""
"CH3_B_C534R_G1_04","Mon_534R_CH3","","1","1","1","4","1","","","","","",""
"CH3_B_C534R_G1_05","Mon_534R_CH3","","1","1","1","5","1","","","","","",""
"CH3_B_C530G_G1","Mon_530G_CH3","","1","1","1","1","1","","","","","",""
"CH3_B_C530G_G1_01","Mon_530G_CH3","","1","1","1","1","1","","","","","",""
"CH3_B_C530G_G1_02","Mon_530G_CH3","","1","1","1","2","1","","","","","",""
"CH3_B_C530G_G1_03","Mon_530G_CH3","","1","1","1","3","1","","","","","",""
"CH3_B_C530G_G1_04","Mon_530G_CH3","","1","1","1","4","1","","","","","",""
"CH3_B_C530G_G1_05","Mon_530G_CH3","","1","1","1","5","1","","","","","",""
"CH3_B_C025G_G1","Mon_025G_CH3","","1","1","1","1","1","","","","","",""
"CH3_B_C025G_G1_01","Mon_025G_CH3","","1","1","1","1","1","","","","","",""
"CH3_B_C025G_G1_02","Mon_025G_CH3","","1","1","1","2","1","","","","","",""
"CH3_B_C025G_G1_03","Mon_025G_CH3","","1","1","1","3","1","","","","","",""
"CH3_B_C025G_G1_04","Mon_025G_CH3","","1","1","1","4","1","","","","","",""
"CH3_B_C025G_G1_05","Mon_025G_CH3","","1","1","1","5","1","","","","","",""
"CH3_B_C052G_G1","Mon_052G_CH3","","1","1","1","1","1","","","","","",""
"CH3_B_C052G_G1_01","Mon_052G_CH3","","1","1","1","1","1","","","","","",""
"CH3_B_C052G_G1_02","Mon_052G_CH3","","1","1","1","2","1","","","","","",""
"CH3_B_C052G_G1_03","Mon_052G_CH3","","1","1","1","3","1","","","","","",""
"CH3_B_C052G_G1_04","Mon_052G_CH3","","1","1","1","4","1","","","","","",""
"CH3_B_C052G_G1_05","Mon_052G_CH3","","1","1","1","5","1","","","","","",""
"CH3_M_C531R_G1","Mon_531R_CH3","","1","1","1","1","1","","","","","",""
"CH3_M_C531R_G1_01","Mon_531R_CH3","","1","1","1","1","1","","","","","",""
"CH3_M_C531R_G1_02","Mon_531R_CH3","","1","1","1","2","1","","","","","",""
"CH3_M_C531R_G1_03","Mon_531R_CH3","","1","1","1","3","1","","","","","",""
"CH3_M_C531R_G1_04","Mon_531R_CH3","","1","1","1","4","1","","","","","",""
"CH3_M_C531R_G1_05","Mon_531R_CH3","","1","1","1","5","1","","","","","",""
"CH3_M_C533R_G1","Mon_533R_CH3","","1","1","1","1","1","","","","","",""
"CH3_M_C533R_G1_01","Mon_533R_CH3","","1","1","1","1","1","","","","","",""
"CH3_M_C533R_G1_02","Mon_533R_CH3","","1","1","1","2","1","","","","","",""
"CH3_M_C533R_G1_03","Mon_533R_CH3","","1","1","1","3","1","","","","","",""
"CH3_M_C533R_G1_04","Mon_533R_CH3","","1","1","1","4","1","","","","","",""
"CH3_M_C533R_G1_05","Mon_533R_CH3","","1","1","1","5","1","","","","","",""
"CH3_M_C527R_G1","Mon_527R_CH3","","1","1","1","1","1","","","","","",""
"CH3_M_C527R_G1_01","Mon_527R_CH3","","1","1","1","1","1","","","","","",""
"CH3_M_C527R_G1_02","Mon_527R_CH3","","1","1","1","2","1","","","","","",""
"CH3_M_C527R_G1_03","Mon_527R_CH3","","1","1","1","3","1","","","","","",""
"CH3_M_C527R_G1_04","Mon_527R_CH3","","1","1","1","4","1","","","","","",""
"CH3_M_C527R_G1_05","Mon_527R_CH3","","1","1","1","5","1","","","","","",""
"CH3_F_C098_G1","Mon_098_CH3","","1","1","1","1","1","","","","","",""
"CH3_M_C080_G1","Mon_080_CH3","","1","1","1","1","1","","","","","",""
"CH3_M_C100_G2","Mon_100_CH3","MiddleBoss","1","1","1","1","1","","","","","",""
"CH4_F_C027G_G1","Mon_027G_CH4","","1","1","1","1","1","","","","","",""
"CH4_F_C027G_G1_01","Mon_027G_CH4","","1","1","1","1","1","","","","","",""
"CH4_F_C027G_G1_02","Mon_027G_CH4","","1","1","1","2","1","","","","","",""
"CH4_F_C027G_G1_03","Mon_027G_CH4","","1","1","1","3","1","","","","","",""
"CH4_F_C027G_G1_04","Mon_027G_CH4","","1","1","1","4","1","","","","","",""
"CH4_F_C027G_G1_05","Mon_027G_CH4","","1","1","1","5","1","","","","","",""
"CH4_F_C027R_G1","Mon_027R_CH4","","1","1","1","1","1","","","","","",""
"CH4_F_C027R_G1_01","Mon_027R_CH4","","1","1","1","1","1","","","","","",""
"CH4_F_C027R_G1_02","Mon_027R_CH4","","1","1","1","2","1","","","","","",""
"CH4_F_C027R_G1_03","Mon_027R_CH4","","1","1","1","3","1","","","","","",""
"CH4_F_C027R_G1_04","Mon_027R_CH4","","1","1","1","4","1","","","","","",""
"CH4_F_C027R_G1_05","Mon_027R_CH4","","1","1","1","5","1","","","","","",""
"CH4_F_C045R_G1","Mon_045R_CH4","","1","1","1","1","1","","","","","",""
"CH4_F_C045R_G1_01","Mon_045R_CH4","","1","1","1","1","1","","","","","",""
"CH4_F_C045R_G1_02","Mon_045R_CH4","","1","1","1","2","1","","","","","",""
"CH4_F_C045R_G1_03","Mon_045R_CH4","","1","1","1","3","1","","","","","",""
"CH4_F_C045R_G1_04","Mon_045R_CH4","","1","1","1","4","1","","","","","",""
"CH4_F_C045R_G1_05","Mon_045R_CH4","","1","1","1","5","1","","","","","",""
"CH4_F_C024G_G1","Mon_024G_CH4","","1","1","1","1","1","","","","","",""
"CH4_F_C024G_G1_01","Mon_024G_CH4","","1","1","1","1","1","","","","","",""
"CH4_F_C024G_G1_02","Mon_024G_CH4","","1","1","1","2","1","","","","","",""
"CH4_F_C024G_G1_03","Mon_024G_CH4","","1","1","1","3","1","","","","","",""
"CH4_F_C024G_G1_04","Mon_024G_CH4","","1","1","1","4","1","","","","","",""
"CH4_F_C024G_G1_05","Mon_024G_CH4","","1","1","1","5","1","","","","","",""
"CH4_F_C030B_G1","Mon_030B_CH4","","1","1","1","1","1","","","","","",""
"CH4_F_C030B_G1_01","Mon_030B_CH4","","1","1","1","1","1","","","","","",""
"CH4_F_C030B_G1_02","Mon_030B_CH4","","1","1","1","2","1","","","","","",""
"CH4_F_C030B_G1_03","Mon_030B_CH4","","1","1","1","3","1","","","","","",""
"CH4_F_C030B_G1_04","Mon_030B_CH4","","1","1","1","4","1","","","","","",""
"CH4_F_C030B_G1_05","Mon_030B_CH4","","1","1","1","5","1","","","","","",""
"CH4_M_C528G_G1","Mon_528G_CH4","","1","1","1","1","1","","","","","",""
"CH4_M_C528G_G1_01","Mon_528G_CH4","","1","1","1","1","1","","","","","",""
"CH4_M_C528G_G1_02","Mon_528G_CH4","","1","1","1","2","1","","","","","",""
"CH4_M_C528G_G1_03","Mon_528G_CH4","","1","1","1","3","1","","","","","",""
"CH4_M_C528G_G1_04","Mon_528G_CH4","","1","1","1","4","1","","","","","",""
"CH4_M_C528G_G1_05","Mon_528G_CH4","","1","1","1","5","1","","","","","",""
"CH4_M_C046G_G1","Mon_046G_CH4","","1","1","1","1","1","","","","","",""
"CH4_M_C046G_G1_01","Mon_046G_CH4","","1","1","1","1","1","","","","","",""
"CH4_M_C046G_G1_02","Mon_046G_CH4","","1","1","1","2","1","","","","","",""
"CH4_M_C046G_G1_03","Mon_046G_CH4","","1","1","1","3","1","","","","","",""
"CH4_M_C046G_G1_04","Mon_046G_CH4","","1","1","1","4","1","","","","","",""
"CH4_M_C046G_G1_05","Mon_046G_CH4","","1","1","1","5","1","","","","","",""
"CH4_M_C057G_G1","Mon_057G_CH4","","1","1","1","1","1","","","","","",""
"CH4_M_C057G_G1_01","Mon_057G_CH4","","1","1","1","1","1","","","","","",""
"CH4_M_C057G_G1_02","Mon_057G_CH4","","1","1","1","2","1","","","","","",""
"CH4_M_C057G_G1_03","Mon_057G_CH4","","1","1","1","3","1","","","","","",""
"CH4_M_C057G_G1_04","Mon_057G_CH4","","1","1","1","4","1","","","","","",""
"CH4_M_C057G_G1_05","Mon_057G_CH4","","1","1","1","5","1","","","","","",""
"CH4_M_C558G_G1","Mon_558G_CH4","","1","1","1","1","1","","","","","",""
"CH4_M_C558G_G1_01","Mon_558G_CH4","","1","1","1","1","1","","","","","",""
"CH4_M_C558G_G1_02","Mon_558G_CH4","","1","1","1","2","1","","","","","",""
"CH4_M_C558G_G1_03","Mon_558G_CH4","","1","1","1","3","1","","","","","",""
"CH4_M_C558G_G1_04","Mon_558G_CH4","","1","1","1","4","1","","","","","",""
"CH4_M_C558G_G1_05","Mon_558G_CH4","","1","1","1","5","1","","","","","",""
"CH4_B_C534R_G1","Mon_534R_CH4","","1","1","1","1","1","","","","","",""
"CH4_B_C534R_G1_01","Mon_534R_CH4","","1","1","1","1","1","","","","","",""
"CH4_B_C534R_G1_02","Mon_534R_CH4","","1","1","1","2","1","","","","","",""
"CH4_B_C534R_G1_03","Mon_534R_CH4","","1","1","1","3","1","","","","","",""
"CH4_B_C534R_G1_04","Mon_534R_CH4","","1","1","1","4","1","","","","","",""
"CH4_B_C534R_G1_05","Mon_534R_CH4","","1","1","1","5","1","","","","","",""
"CH4_B_C530G_G1","Mon_530G_CH4","","1","1","1","1","1","","","","","",""
"CH4_B_C530G_G1_01","Mon_530G_CH4","","1","1","1","1","1","","","","","",""
"CH4_B_C530G_G1_02","Mon_530G_CH4","","1","1","1","2","1","","","","","",""
"CH4_B_C530G_G1_03","Mon_530G_CH4","","1","1","1","3","1","","","","","",""
"CH4_B_C530G_G1_04","Mon_530G_CH4","","1","1","1","4","1","","","","","",""
"CH4_B_C530G_G1_05","Mon_530G_CH4","","1","1","1","5","1","","","","","",""
"CH4_B_C025G_G1","Mon_025G_CH4","","1","1","1","1","1","","","","","",""
"CH4_B_C025G_G1_01","Mon_025G_CH4","","1","1","1","1","1","","","","","",""
"CH4_B_C025G_G1_02","Mon_025G_CH4","","1","1","1","2","1","","","","","",""
"CH4_B_C025G_G1_03","Mon_025G_CH4","","1","1","1","3","1","","","","","",""
"CH4_B_C025G_G1_04","Mon_025G_CH4","","1","1","1","4","1","","","","","",""
"CH4_B_C025G_G1_05","Mon_025G_CH4","","1","1","1","5","1","","","","","",""
"CH4_B_C052G_G1","Mon_052G_CH4","","1","1","1","1","1","","","","","",""
"CH4_B_C052G_G1_01","Mon_052G_CH4","","1","1","1","1","1","","","","","",""
"CH4_B_C052G_G1_02","Mon_052G_CH4","","1","1","1","2","1","","","","","",""
"CH4_B_C052G_G1_03","Mon_052G_CH4","","1","1","1","3","1","","","","","",""
"CH4_B_C052G_G1_04","Mon_052G_CH4","","1","1","1","4","1","","","","","",""
"CH4_B_C052G_G1_05","Mon_052G_CH4","","1","1","1","5","1","","","","","",""
"CH4_M_C531R_G1","Mon_531R_CH4","","1","1","1","1","1","","","","","",""
"CH4_M_C533R_G1","Mon_533R_CH4","","1","1","1","1","1","","","","","",""
"CH4_M_C533R_G1_01","Mon_533R_CH4","","1","1","1","1","1","","","","","",""
"CH4_M_C533R_G1_02","Mon_533R_CH4","","1","1","1","2","1","","","","","",""
"CH4_M_C533R_G1_03","Mon_533R_CH4","","1","1","1","3","1","","","","","",""
"CH4_M_C533R_G1_04","Mon_533R_CH4","","1","1","1","4","1","","","","","",""
"CH4_M_C533R_G1_05","Mon_533R_CH4","","1","1","1","5","1","","","","","",""
"CH4_M_C527R_G1","Mon_527R_CH4","","1","1","1","1","1","","","","","",""
"CH4_M_C527R_G1_01","Mon_527R_CH4","","1","1","1","1","1","","","","","",""
"CH4_M_C527R_G1_02","Mon_527R_CH4","","1","1","1","2","1","","","","","",""
"CH4_M_C527R_G1_03","Mon_527R_CH4","","1","1","1","3","1","","","","","",""
"CH4_M_C527R_G1_04","Mon_527R_CH4","","1","1","1","4","1","","","","","",""
"CH4_M_C527R_G1_05","Mon_527R_CH4","","1","1","1","5","1","","","","","",""
"CH4_M_C080_G1","Mon_080_CH4","","1","1","1","1","1","","","","","",""
"CH4_M_C100_G1","Mon_100_CH4","","1","1","1","1","1","","","","","",""
"CH4_F_C535G_G1","Mon_535G_CH4","","1","1","1","1","1","","","","","",""
"CH4_F_C535G_G2","Mon_535G_CH4_Boss","FinalBoss","2","1","1","1","1","","","","","",""
"CH5_F_C045R_G1","Mon_045R_CH5","","1","1","1","1","1","","","","","",""
"CH5_F_C536G_G1","Mon_536G_CH5","","1","1","1","1","1","","","","","",""
"CH5_F_C592R_G1","Mon_592R_CH5","","1","1","1","1","1","","","","","",""
"CH5_F_C024G_G1","Mon_024G_CH5","","1","1","1","1","1","","","","","",""
"CH5_F_C591R_G1","Mon_591G_CH5","","1","1","1","1","1","","","","","",""
"CH5_F_C557G_G1","Mon_557G_CH5","","1","1","1","1","1","","","","","",""
"CH5_M_C046G_G1","Mon_046G_CH5","","1","1","1","1","1","","","","","",""
"CH5_M_C593R_G1","Mon_593R_CH5","","1","1","1","1","1","","","","","",""
"CH5_M_C590G_G1","Mon_590G_CH5","","1","1","1","1","1","","","","","",""
"CH5_M_C588G_G1","Mon_588G_CH5","","1","1","1","1","1","","","","","",""
"CH5_B_C594R_G1","Mon_594R_CH5","","1","1","1","1","1","","","","","",""
"CH5_B_C025G_G1","Mon_025G_CH5","","1","1","1","1","1","","","","","",""
"CH5_B_C595G_G1","Mon_595G_CH5","","1","1","1","1","1","","","","","",""
"CH5_B_C543B_G1","Mon_543B_CH5","","1","1","1","1","1","","","","","",""
"CH5_M_C559R_G1","Mon_559R_CH5","","1","1","1","1","1","","","","","",""
"CH5_B_C525R_G1","Mon_525R_CH5","","1","1","1","1","1","","","","","",""
"CH5_M_C589R_G1","Mon_589R_CH5","","1","1","1","1","1","","","","","",""
"CH5_F_C537R_G1","Mon_537R_CH5","","1","1","1","1","1","","","","","",""
"CH5_F_C016_G1","Mon_016_CH5","","2","1","1","1","1","","","","","",""
"CH5_M_C041_G2","Mon_041_CH5","MiddleBoss","2","1","1","1","1","","","","","",""
"CH6_F_C045R_G1","Mon_045R_CH6","","1","1","1","1","1","","","","","",""
"CH6_F_C536G_G1","Mon_536G_CH6","","1","1","1","1","1","","","","","",""
"CH6_F_C592R_G1","Mon_592R_CH6","","1","1","1","1","1","","","","","",""
"CH6_F_C024G_G1","Mon_024G_CH6","","1","1","1","1","1","","","","","",""
"CH6_F_C591R_G1","Mon_591G_CH6","","1","1","1","1","1","","","","","",""
"CH6_F_C557G_G1","Mon_557G_CH6","","1","1","1","1","1","","","","","",""
"CH6_M_C046G_G1","Mon_046G_CH6","","1","1","1","1","1","","","","","",""
"CH6_M_C593R_G1","Mon_593R_CH6","","1","1","1","1","1","","","","","",""
"CH6_M_C590G_G1","Mon_590G_CH6","","1","1","1","1","1","","","","","",""
"CH6_M_C588G_G1","Mon_588G_CH6","","1","1","1","1","1","","","","","",""
"CH6_B_C594R_G1","Mon_594R_CH6","","1","1","1","1","1","","","","","",""
"CH6_B_C025G_G1","Mon_025G_CH6","","1","1","1","1","1","","","","","",""
"CH6_B_C595G_G1","Mon_595G_CH6","","1","1","1","1","1","","","","","",""
"CH6_B_C543B_G1","Mon_543B_CH6","","1","1","1","1","1","","","","","",""
"CH6_M_C559R_G1","Mon_559R_CH6","","1","1","1","1","1","","","","","",""
"CH6_B_C525R_G1","Mon_525R_CH6","","1","1","1","1","1","","","","","",""
"CH6_M_C589R_G1","Mon_589R_CH6","","1","1","1","1","1","","","","","",""
"CH6_F_C537R_G1","Mon_537R_CH6","","1","1","1","1","1","","","","","",""
"CH6_B_C088_G1","Mon_088_CH6","","2","1","1","1","1","","","","","",""
"CH6_F_C005_G2","Mon_005_CH6","MiddleBoss","2","1","1","1","1","","","","","",""
"CH7_F_C045R_G1","Mon_045R_CH7","","1","1","1","1","1","","","","","",""
"CH7_F_C536G_G1","Mon_536G_CH7","","1","1","1","1","1","","","","","",""
"CH7_F_C592R_G1","Mon_592R_CH7","","1","1","1","1","1","","","","","",""
"CH7_F_C024G_G1","Mon_024G_CH7","","1","1","1","1","1","","","","","",""
"CH7_F_C591R_G1","Mon_591G_CH7","","1","1","1","1","1","","","","","",""
"CH7_F_C557G_G1","Mon_557G_CH7","","1","1","1","1","1","","","","","",""
"CH7_M_C046G_G1","Mon_046G_CH7","","1","1","1","1","1","","","","","",""
"CH7_M_C593R_G1","Mon_593R_CH7","","1","1","1","1","1","","","","","",""
"CH7_M_C590G_G1","Mon_590G_CH7","","1","1","1","1","1","","","","","",""
"CH7_M_C588G_G1","Mon_588G_CH7","","1","1","1","1","1","","","","","",""
"CH7_B_C594R_G1","Mon_594R_CH7","","1","1","1","1","1","","","","","",""
"CH7_B_C025G_G1","Mon_025G_CH7","","1","1","1","1","1","","","","","",""
"CH7_B_C595G_G1","Mon_595G_CH7","","1","1","1","1","1","","","","","",""
"CH7_B_C543B_G1","Mon_543B_CH7","","1","1","1","1","1","","","","","",""
"CH7_M_C559R_G1","Mon_559R_CH7","","1","1","1","1","1","","","","","",""
"CH7_B_C525R_G1","Mon_525R_CH7","","1","1","1","1","1","","","","","",""
"CH7_M_C589R_G1","Mon_589R_CH7","","1","1","1","1","1","","","","","",""
"CH7_F_C537R_G1","Mon_537R_CH7","","1","1","1","1","1","","","","","",""
"CH7_M_C041_G1","Mon_041_CH7","","2","1","1","1","1","","","","","",""
"CH7_B_C088_G1","Mon_088_CH7","","2","1","1","1","1","","","","","",""
"CH7_F_C064_G2","Mon_064_CH7","MiddleBoss","2","1","1","1","1","","","","","",""
"CH8_F_C045R_G1","Mon_045R_CH8","","1","1","1","1","1","","","","","",""
"CH8_F_C536G_G1","Mon_536G_CH8","","1","1","1","1","1","","","","","",""
"CH8_F_C592R_G1","Mon_592R_CH8","","1","1","1","1","1","","","","","",""
"CH8_F_C024G_G1","Mon_024G_CH8","","1","1","1","1","1","","","","","",""
"CH8_F_C591R_G1","Mon_591G_CH8","","1","1","1","1","1","","","","","",""
"CH8_F_C557G_G1","Mon_557G_CH8","","1","1","1","1","1","","","","","",""
"CH8_M_C046G_G1","Mon_046G_CH8","","1","1","1","1","1","","","","","",""
"CH8_M_C593R_G1","Mon_593R_CH8","","1","1","1","1","1","","","","","",""
"CH8_M_C590G_G1","Mon_590G_CH8","","1","1","1","1","1","","","","","",""
"CH8_M_C588G_G1","Mon_588G_CH8","","1","1","1","1","1","","","","","",""
"CH8_B_C594R_G1","Mon_594R_CH8","","1","1","1","1","1","","","","","",""
"CH8_B_C025G_G1","Mon_025G_CH8","","1","1","1","1","1","","","","","",""
"CH8_B_C595G_G1","Mon_595G_CH8","","1","1","1","1","1","","","","","",""
"CH8_B_C543B_G1","Mon_543B_CH8","","1","1","1","1","1","","","","","",""
"CH8_M_C559R_G1","Mon_559R_CH8","","1","1","1","1","1","","","","","",""
"CH8_B_C525R_G1","Mon_525R_CH8","","1","1","1","1","1","","","","","",""
"CH8_M_C589R_G1","Mon_589R_CH8","","1","1","1","1","1","","","","","",""
"CH8_F_C537R_G1","Mon_537R_CH8","","1","1","1","1","1","","","","","",""
"CH8_F_C005_G1","Mon_005_CH8","","2","1","1","1","1","","","","","",""
"CH8_F_C064_G1","Mon_064_CH8","","2","1","1","1","1","","","","","",""
"CH8_F_C021_G1","Mon_021_CH8","","2","1","1","1","1","","","","","",""
"CH8_F_C021_G2","Mon_021_CH8_Boss","FinalBoss","2","1","1","1","1","","","","","",""
"CH9_F_C030_G1","Mon_030B_CH9","","1","1","1","1","1","","","","","",""
"CH9_F_C597_G1","Mon_597R_CH9","","1","1","1","1","1","","","","","",""
"CH9_F_C557_G1","Mon_557G_CH9","","1","1","1","1","1","","","","","",""
"CH9_M_C558_G1","Mon_558G_CH9","","1","1","1","1","1","","","","","",""
"CH9_M_C527_G1","Mon_527R_CH9","","1","1","1","1","1","","","","","",""
"CH9_M_C531_G1","Mon_531R_CH9","","1","1","1","1","1","","","","","",""
"CH9_M_C057_G1","Mon_057G_CH9","","1","1","1","1","1","","","","","",""
"CH9_M_C526_G1","Mon_526R_CH9","","1","1","1","1","1","","","","","",""
"CH9_M_C533_G1","Mon_533R_CH9","","1","1","1","1","1","","","","","",""
"CH9_B_C052_G1","Mon_052G_CH9","","1","1","1","1","1","","","","","",""
"CH9_B_C544_G1","Mon_544B_CH9","","1","1","1","1","1","","","","","",""
"CH9_B_C594_G1","Mon_594R_CH9","","1","1","1","1","1","","","","","",""
"CH9_F_C596_G1","Mon_596R_CH9","","1","1","1","1","1","","","","","",""
"CH9_M_C559_G1","Mon_559R_CH9","","1","1","1","1","1","","","","","",""
"CH9_B_C524_G1","Mon_524R_CH9","","1","1","1","1","1","","","","","",""
"CH9_B_C040_G1","Mon_040_CH9","","2","1","1","1","1","","","","","",""
"CH9_B_C009_G1","Mon_009_CH9","","2","1","1","1","1","","","","","",""
"CH9_M_C100_G2","Mon_100_CH9","MiddleBoss","2","1","1","1","1","","","","","",""
"CH10_F_C030_G1","Mon_030B_CH10","","1","1","1","1","1","","","","","",""
"CH10_F_C597_G1","Mon_597R_CH10","","1","1","1","1","1","","","","","",""
"CH10_F_C557_G1","Mon_557G_CH10","","1","1","1","1","1","","","","","",""
"CH10_M_C558_G1","Mon_558G_CH10","","1","1","1","1","1","","","","","",""
"CH10_M_C527_G1","Mon_527R_CH10","","1","1","1","1","1","","","","","",""
"CH10_M_C531_G1","Mon_531R_CH10","","1","1","1","1","1","","","","","",""
"CH10_M_C057_G1","Mon_057G_CH10","","1","1","1","1","1","","","","","",""
"CH10_M_C526_G1","Mon_526R_CH10","","1","1","1","1","1","","","","","",""
"CH10_M_C533_G1","Mon_533R_CH10","","1","1","1","1","1","","","","","",""
"CH10_B_C052_G1","Mon_052G_CH10","","1","1","1","1","1","","","","","",""
"CH10_B_C544_G1","Mon_544B_CH10","","1","1","1","1","1","","","","","",""
"CH10_B_C594_G1","Mon_594R_CH10","","1","1","1","1","1","","","","","",""
"CH10_F_C596_G1","Mon_596R_CH10","","2","1","1","1","1","","","","","",""
"CH10_M_C559_G1","Mon_559R_CH10","","2","1","1","1","1","","","","","",""
"CH10_B_C524_G1","Mon_524R_CH10","","2","1","1","1","1","","","","","",""
"CH10_B_C009_G1","Mon_009_CH10","","2","1","1","1","1","","","","","",""
"CH10_B_C040_G1","Mon_040_CH10","","2","1","1","1","1","","","","","",""
"CH10_M_C085_G2","Mon_085_CH10","MiddleBoss","2","1","1","1","1","","","","","",""
"CH11_F_C030_G1","Mon_030B_CH11","","1","1","1","1","1","","","","","",""
"CH11_F_C597_G1","Mon_597R_CH11","","1","1","1","1","1","","","","","",""
"CH11_F_C557_G1","Mon_557G_CH11","","1","1","1","1","1","","","","","",""
"CH11_M_C558_G1","Mon_558G_CH11","","1","1","1","1","1","","","","","",""
"CH11_M_C527_G1","Mon_527R_CH11","","1","1","1","1","1","","","","","",""
"CH11_M_C531_G1","Mon_531R_CH11","","1","1","1","1","1","","","","","",""
"CH11_M_C057_G1","Mon_057G_CH11","","1","1","1","1","1","","","","","",""
"CH11_M_C526_G1","Mon_526R_CH11","","1","1","1","1","1","","","","","",""
"CH11_M_C533_G1","Mon_533R_CH11","","1","1","1","1","1","","","","","",""
"CH11_B_C052_G1","Mon_052G_CH11","","1","1","1","1","1","","","","","",""
"CH11_B_C544_G1","Mon_544B_CH11","","1","1","1","1","1","","","","","",""
"CH11_B_C594_G1","Mon_594R_CH11","","1","1","1","1","1","","","","","",""
"CH11_F_C596_G1","Mon_596R_CH11","","1","1","1","1","1","","","","","",""
"CH11_M_C559_G1","Mon_559R_CH11","","1","1","1","1","1","","","","","",""
"CH11_B_C524_G1","Mon_524R_CH11","","1","1","1","1","1","","","","","",""
"CH11_M_C100_G1","Mon_100_CH11","","2","1","1","1","1","","","","","",""
"CH11_B_C040_G1","Mon_040_CH11","","2","1","1","1","1","","","","","",""
"CH11_F_C007_G2","Mon_007_CH11","MiddleBoss","2","1","1","1","1","","","","","",""
"CH12_F_C030_G1","Mon_030B_CH12","","1","1","1","1","1","","","","","",""
"CH12_F_C597_G1","Mon_597R_CH12","","1","1","1","1","1","","","","","",""
"CH12_F_C557_G1","Mon_557G_CH12","","1","1","1","1","1","","","","","",""
"CH12_M_C558_G1","Mon_558G_CH12","","1","1","1","1","1","","","","","",""
"CH12_M_C527_G1","Mon_527R_CH12","","1","1","1","1","1","","","","","",""
"CH12_M_C531_G1","Mon_531R_CH12","","1","1","1","1","1","","","","","",""
"CH12_M_C057_G1","Mon_057G_CH12","","1","1","1","1","1","","","","","",""
"CH12_M_C526_G1","Mon_526R_CH12","","1","1","1","1","1","","","","","",""
"CH12_M_C533_G1","Mon_533R_CH12","","1","1","1","1","1","","","","","",""
"CH12_B_C052_G1","Mon_052G_CH12","","1","1","1","1","1","","","","","",""
"CH12_B_C544_G1","Mon_544B_CH12","","1","1","1","1","1","","","","","",""
"CH12_B_C594_G1","Mon_594R_CH12","","1","1","1","1","1","","","","","",""
"CH12_F_C596_G1","Mon_596R_CH12","","1","1","1","1","1","","","","","",""
"CH12_M_C559_G1","Mon_559R_CH12","","1","1","1","1","1","","","","","",""
"CH12_B_C524_G1","Mon_524R_CH12","","1","1","1","1","1","","","","","",""
"CH12_M_C085_G1","Mon_085_CH12","","2","1","1","1","1","","","","","",""
"CH12_F_C007_G1","Mon_007_CH12","","2","1","1","1","1","","","","","",""
"CH12_F_C022_G1","Mon_022_CH12","","1","1","1","1","1","","","","","",""
"CH12_F_C022_G2","Mon_022_CH12_Boss","FinalBoss","2","1","1","1","1","","","","","",""
"CH13_F_C045_G1","Mon_045B_CH13","","1","1","1","1","1","","","","","",""
"CH13_F_C049_G1","Mon_049B_CH13","","1","1","1","1","1","","","","","",""
"CH13_F_C538_G1","Mon_538B_CH13","","1","1","1","1","1","","","","","",""
"CH13_M_C539_G1","Mon_539B_CH13","","1","1","1","1","1","","","","","",""
"CH13_M_C546_G1","Mon_546B_CH13","","1","1","1","1","1","","","","","",""
"CH13_M_C547_G1","Mon_547B_CH13","","1","1","1","1","1","","","","","",""
"CH13_M_C545_G1","Mon_545B_CH13","","1","1","1","1","1","","","","","",""
"CH13_B_C543_G1","Mon_543B_CH13","","1","1","1","1","1","","","","","",""
"CH13_B_C544_G1","Mon_544B_CH13","","1","1","1","1","1","","","","","",""
"CH13_B_C047_G1","Mon_047B_CH13","","1","1","1","1","1","","","","","",""
"CH13_F_C549_G1","Mon_549R_CH13","","1","1","1","1","1","","","","","",""
"CH13_B_C550_G1","Mon_550R_CH13","","1","1","1","1","1","","","","","",""
"CH13_M_C551_G1","Mon_551R_CH13","","1","1","1","1","1","","","","","",""
"CH13_B_C010_G1","Mon_010_CH13","","3","1","1","1","1","","","","","",""
"CH13_B_C008_G1","Mon_008_CH13","","3","1","1","1","1","","","","","",""
"CH13_F_C015_G2","Mon_015_CH13","MiddleBoss","3","1","1","1","1","","","","","",""
"CH14_F_C045_G1","Mon_045B_CH14","","1","1","1","1","1","","","","","",""
"CH14_F_C049_G1","Mon_049B_CH14","","1","1","1","1","1","","","","","",""
"CH14_F_C538_G1","Mon_538B_CH14","","1","1","1","1","1","","","","","",""
"CH14_M_C539_G1","Mon_539B_CH14","","1","1","1","1","1","","","","","",""
"CH14_M_C546_G1","Mon_546B_CH14","","1","1","1","1","1","","","","","",""
"CH14_M_C547_G1","Mon_547B_CH14","","1","1","1","1","1","","","","","",""
"CH14_M_C545_G1","Mon_545B_CH14","","1","1","1","1","1","","","","","",""
"CH14_B_C543_G1","Mon_543B_CH14","","1","1","1","1","1","","","","","",""
"CH14_B_C544_G1","Mon_544B_CH14","","1","1","1","1","1","","","","","",""
"CH14_B_C047_G1","Mon_047B_CH14","","1","1","1","1","1","","","","","",""
"CH14_F_C549_G1","Mon_549R_CH14","","1","1","1","1","1","","","","","",""
"CH14_B_C550_G1","Mon_550R_CH14","","1","1","1","1","1","","","","","",""
"CH14_M_C551_G1","Mon_551R_CH14","","1","1","1","1","1","","","","","",""
"CH14_F_C008_G1","Mon_008_CH14","","3","1","1","1","1","","","","","",""
"CH14_F_C037_G1","Mon_037_CH14","","3","1","1","1","1","","","","","",""
"CH14_B_C010_G2","Mon_010_CH14","","3","1","1","1","1","","","","","",""
"CH15_F_C045_G1","Mon_045B_CH15","","1","1","1","1","1","","","","","",""
"CH15_F_C049_G1","Mon_049B_CH15","","1","1","1","1","1","","","","","",""
"CH15_F_C538_G1","Mon_538B_CH15","","1","1","1","1","1","","","","","",""
"CH15_M_C539_G1","Mon_539B_CH15","","1","1","1","1","1","","","","","",""
"CH15_M_C546_G1","Mon_546B_CH15","","1","1","1","1","1","","","","","",""
"CH15_M_C547_G1","Mon_547B_CH15","","1","1","1","1","1","","","","","",""
"CH15_M_C545_G1","Mon_545B_CH15","","1","1","1","1","1","","","","","",""
"CH15_B_C543_G1","Mon_543B_CH15","","1","1","1","1","1","","","","","",""
"CH15_B_C544_G1","Mon_544B_CH15","","1","1","1","1","1","","","","","",""
"CH15_B_C047_G1","Mon_047B_CH15","","1","1","1","1","1","","","","","",""
"CH15_F_C549_G1","Mon_549R_CH15","","1","1","1","1","1","","","","","",""
"CH15_B_C550_G1","Mon_550R_CH15","","1","1","1","1","1","","","","","",""
"CH15_M_C551_G1","Mon_551R_CH15","","1","1","1","1","1","","","","","",""
"CH15_F_C015_G1","Mon_015_CH15","","3","1","1","1","1","","","","","",""
"CH15_F_C037_G1","Mon_037_CH15","","3","1","1","1","1","","","","","",""
"CH15_F_C101_G2","Mon_101_CH15","MiddleBoss","3","1","1","1","1","","","","","",""
"CH16_F_C045_G1","Mon_045B_CH16","","1","1","1","1","1","","","","","",""
"CH16_F_C049_G1","Mon_049B_CH16","","1","1","1","1","1","","","","","",""
"CH16_F_C538_G1","Mon_538B_CH16","","1","1","1","1","1","","","","","",""
"CH16_M_C539_G1","Mon_539B_CH16","","1","1","1","1","1","","","","","",""
"CH16_M_C546_G1","Mon_546B_CH16","","1","1","1","1","1","","","","","",""
"CH16_M_C547_G1","Mon_547B_CH16","","1","1","1","1","1","","","","","",""
"CH16_M_C545_G1","Mon_545B_CH16","","1","1","1","1","1","","","","","",""
"CH16_B_C543_G1","Mon_543B_CH16","","1","1","1","1","1","","","","","",""
"CH16_B_C544_G1","Mon_544B_CH16","","1","1","1","1","1","","","","","",""
"CH16_B_C047_G1","Mon_047B_CH16","","1","1","1","1","1","","","","","",""
"CH16_F_C549_G1","Mon_549R_CH16","","1","1","1","1","1","","","","","",""
"CH16_B_C550_G1","Mon_550R_CH16","","1","1","1","1","1","","","","","",""
"CH16_M_C551_G1","Mon_551R_CH16","","1","1","1","1","1","","","","","",""
"CH16_B_C010_G1","Mon_010_CH16","","3","1","1","1","1","","","","","",""
"CH16_F_C101_G1","Mon_101_CH16","","3","1","1","1","1","","","","","",""
"CH16_F_C554_G1","Mon_554_CH16","","1","1","1","1","1","","","","","",""
"CH16_F_C554_G2","Mon_554_CH16_Boss","FinalBoss","2","1","1","1","1","","","","","",""
"F_N_C514_G1","Mon_514B_CH17","","1","1","1","1","1","","","","","",""
"M_N_C515_G1","Mon_515B_CH17","","1","1","1","1","1","","","","","",""
"F_N_C518_G1","Mon_518B_CH17","","1","1","1","1","1","","","","","",""
"F_N_C516_G1","Mon_516B_CH17","","1","1","1","1","1","","","","","",""
"B_N_C517_G1","Mon_517B_CH17","","1","1","1","1","1","","","","","",""
"B_N_C519_G1","Mon_519B_CH17","","1","1","1","1","1","","","","","",""
"F_B_C520_G1","Mon_520L_CH17","","1","1","1","1","1","","","","","",""
"B_B_C521_G1","Mon_521L_CH17","","1","1","1","1","1","","","","","",""
"F_E_C522_G1","Mon_522L_CH17","","1","1","1","1","1","","","","","",""
"B_E_C523_G1","Mon_523L_CH17","","1","1","1","1","1","","","","","",""
"F_N_C567_G1","Mon_567_S01_R_Lv1","","1","1","1","1","1","","","","","",""
"F_N_C568_G1","Mon_568_S01_R_Lv1","","1","1","1","1","1","","","","","",""
"M_N_C569_G1","Mon_569_S01_R_Lv1","","1","1","1","1","1","","","","","",""
"M_N_C570_G1","Mon_570_S01_R_Lv1","","1","1","1","1","1","","","","","",""
"B_N_C571_G1","Mon_571_S01_R_Lv1","","1","1","1","1","1","","","","","",""
"B_N_C572_G1","Mon_572_S01_R_Lv1","","1","1","1","1","1","","","","","",""
"F_N_C567_G2","Mon_567_S01_R_Lv2","","1","1","1","1","1","","","","","",""
"F_N_C568_G2","Mon_568_S01_R_Lv2","","1","1","1","1","1","","","","","",""
"M_N_C569_G2","Mon_569_S01_R_Lv2","","1","1","1","1","1","","","","","",""
"M_N_C570_G2","Mon_570_S01_R_Lv2","","1","1","1","1","1","","","","","",""
"B_N_C571_G2","Mon_571_S01_R_Lv2","","1","1","1","1","1","","","","","",""
"B_N_C572_G2","Mon_572_S01_R_Lv2","","1","1","1","1","1","","","","","",""
"F_N_C567_G3","Mon_567_S01_R_Lv3","","1","1","1","1","1","","","","","",""
"F_N_C568_G3","Mon_568_S01_R_Lv3","","1","1","1","1","1","","","","","",""
"M_N_C569_G3","Mon_569_S01_R_Lv3","","1","1","1","1","1","","","","","",""
"M_N_C570_G3","Mon_570_S01_R_Lv3","","1","1","1","1","1","","","","","",""
"B_N_C571_G3","Mon_571_S01_R_Lv3","","1","1","1","1","1","","","","","",""
"B_N_C572_G3","Mon_572_S01_R_Lv3","","1","1","1","1","1","","","","","",""
"F_N_C567_G4","Mon_567_S01_R_Lv4","","1","1","1","1","1","","","","","",""
"F_N_C568_G4","Mon_568_S01_R_Lv4","","1","1","1","1","1","","","","","",""
"M_N_C569_G4","Mon_569_S01_R_Lv4","","1","1","1","1","1","","","","","",""
"M_N_C570_G4","Mon_570_S01_R_Lv4","","1","1","1","1","1","","","","","",""
"B_N_C571_G4","Mon_571_S01_R_Lv4","","1","1","1","1","1","","","","","",""
"B_N_C572_G4","Mon_572_S01_R_Lv4","","1","1","1","1","1","","","","","",""
"F_N_C567_G5","Mon_567_S01_R_Lv5","","1","1","1","1","1","","","","","",""
"F_N_C568_G5","Mon_568_S01_R_Lv5","","1","1","1","1","1","","","","","",""
"M_N_C569_G5","Mon_569_S01_R_Lv5","","1","1","1","1","1","","","","","",""
"M_N_C570_G5","Mon_570_S01_R_Lv5","","1","1","1","1","1","","","","","",""
"B_N_C571_G5","Mon_571_S01_R_Lv5","","1","1","1","1","1","","","","","",""
"B_N_C572_G5","Mon_572_S01_R_Lv5","","1","1","1","1","1","","","","","",""
"F_N_C567_G6","Mon_567_S01_R_Lv6","","1","1","1","1","1","","","","","",""
"F_N_C568_G6","Mon_568_S01_R_Lv6","","1","1","1","1","1","","","","","",""
"M_N_C569_G6","Mon_569_S01_R_Lv6","","1","1","1","1","1","","","","","",""
"M_N_C570_G6","Mon_570_S01_R_Lv6","","1","1","1","1","1","","","","","",""
"B_N_C571_G6","Mon_571_S01_R_Lv6","","1","1","1","1","1","","","","","",""
"B_N_C572_G6","Mon_572_S01_R_Lv6","","1","1","1","1","1","","","","","",""
"F_N_C567_G7","Mon_567_S01_R_Lv7","","1","1","1","1","1","","","","","",""
"F_N_C568_G7","Mon_568_S01_R_Lv7","","1","1","1","1","1","","","","","",""
"M_N_C569_G7","Mon_569_S01_R_Lv7","","1","1","1","1","1","","","","","",""
"M_N_C570_G7","Mon_570_S01_R_Lv7","","1","1","1","1","1","","","","","",""
"B_N_C571_G7","Mon_571_S01_R_Lv7","","1","1","1","1","1","","","","","",""
"B_N_C572_G7","Mon_572_S01_R_Lv7","","1","1","1","1","1","","","","","",""
"M_B_C573_G1","Mon_573_S01_R_Lv1","FinalBoss","1","1","1","1","1","","","","","",""
"M_B_C573_G2","Mon_573_S01_R_Lv2","FinalBoss","2","1","1","1","1","","","","","",""
"M_B_C573_G3","Mon_573_S01_R_Lv3","FinalBoss","3","1","1","1","1","","","","","",""
"M_B_C573_G4","Mon_573_S01_R_Lv4","FinalBoss","4","1","1","1","1","","","","","",""
"M_B_C573_G5","Mon_573_S01_R_Lv5","FinalBoss","5","1","1","1","1","","","","","",""
"M_B_C573_G6","Mon_573_S01_R_Lv6","FinalBoss","4","1","1","1","1","","","","","",""
"M_B_C573_G7","Mon_573_S01_R_Lv7","FinalBoss","5","1","1","1","1","","","","","",""
"F_N_C574_G1","Mon_574_S01_B_Lv1","","1","1","1","1","1","","","","","",""
"F_N_C575_G1","Mon_575_S01_B_Lv1","","1","1","1","1","1","","","","","",""
"M_N_C576_G1","Mon_576_S01_B_Lv1","","1","1","1","1","1","","","","","",""
"M_N_C577_G1","Mon_577_S01_B_Lv1","","1","1","1","1","1","","","","","",""
"B_N_C578_G1","Mon_578_S01_B_Lv1","","1","1","1","1","1","","","","","",""
"B_N_C579_G1","Mon_579_S01_B_Lv1","","1","1","1","1","1","","","","","",""
"F_N_C574_G2","Mon_574_S01_B_Lv2","","1","1","1","1","1","","","","","",""
"F_N_C575_G2","Mon_575_S01_B_Lv2","","1","1","1","1","1","","","","","",""
"M_N_C576_G2","Mon_576_S01_B_Lv2","","1","1","1","1","1","","","","","",""
"M_N_C577_G2","Mon_577_S01_B_Lv2","","1","1","1","1","1","","","","","",""
"B_N_C578_G2","Mon_578_S01_B_Lv2","","1","1","1","1","1","","","","","",""
"B_N_C579_G2","Mon_579_S01_B_Lv2","","1","1","1","1","1","","","","","",""
"F_N_C574_G3","Mon_574_S01_B_Lv3","","1","1","1","1","1","","","","","",""
"F_N_C575_G3","Mon_575_S01_B_Lv3","","1","1","1","1","1","","","","","",""
"M_N_C576_G3","Mon_576_S01_B_Lv3","","1","1","1","1","1","","","","","",""
"M_N_C577_G3","Mon_577_S01_B_Lv3","","1","1","1","1","1","","","","","",""
"B_N_C578_G3","Mon_578_S01_B_Lv3","","1","1","1","1","1","","","","","",""
"B_N_C579_G3","Mon_579_S01_B_Lv3","","1","1","1","1","1","","","","","",""
"F_N_C574_G4","Mon_574_S01_B_Lv4","","1","1","1","1","1","","","","","",""
"F_N_C575_G4","Mon_575_S01_B_Lv4","","1","1","1","1","1","","","","","",""
"M_N_C576_G4","Mon_576_S01_B_Lv4","","1","1","1","1","1","","","","","",""
"M_N_C577_G4","Mon_577_S01_B_Lv4","","1","1","1","1","1","","","","","",""
"B_N_C578_G4","Mon_578_S01_B_Lv4","","1","1","1","1","1","","","","","",""
"B_N_C579_G4","Mon_579_S01_B_Lv4","","1","1","1","1","1","","","","","",""
"F_N_C574_G5","Mon_574_S01_B_Lv5","","1","1","1","1","1","","","","","",""
"F_N_C575_G5","Mon_575_S01_B_Lv5","","1","1","1","1","1","","","","","",""
"M_N_C576_G5","Mon_576_S01_B_Lv5","","1","1","1","1","1","","","","","",""
"M_N_C577_G5","Mon_577_S01_B_Lv5","","1","1","1","1","1","","","","","",""
"B_N_C578_G5","Mon_578_S01_B_Lv5","","1","1","1","1","1","","","","","",""
"B_N_C579_G5","Mon_579_S01_B_Lv5","","1","1","1","1","1","","","","","",""
"F_N_C574_G6","Mon_574_S01_B_Lv6","","1","1","1","1","1","","","","","",""
"F_N_C575_G6","Mon_575_S01_B_Lv6","","1","1","1","1","1","","","","","",""
"M_N_C576_G6","Mon_576_S01_B_Lv6","","1","1","1","1","1","","","","","",""
"M_N_C577_G6","Mon_577_S01_B_Lv6","","1","1","1","1","1","","","","","",""
"B_N_C578_G6","Mon_578_S01_B_Lv6","","1","1","1","1","1","","","","","",""
"B_N_C579_G6","Mon_579_S01_B_Lv6","","1","1","1","1","1","","","","","",""
"F_N_C574_G7","Mon_574_S01_B_Lv7","","1","1","1","1","1","","","","","",""
"F_N_C575_G7","Mon_575_S01_B_Lv7","","1","1","1","1","1","","","","","",""
"M_N_C576_G7","Mon_576_S01_B_Lv7","","1","1","1","1","1","","","","","",""
"M_N_C577_G7","Mon_577_S01_B_Lv7","","1","1","1","1","1","","","","","",""
"B_N_C578_G7","Mon_578_S01_B_Lv7","","1","1","1","1","1","","","","","",""
"B_N_C579_G7","Mon_579_S01_B_Lv7","","1","1","1","1","1","","","","","",""
"B_B_C580_G1","Mon_580_S01_B_Lv1","FinalBoss","1","1","1","1","1","","","","","",""
"B_B_C580_G2","Mon_580_S01_B_Lv2","FinalBoss","2","1","1","1","1","","","","","",""
"B_B_C580_G3","Mon_580_S01_B_Lv3","FinalBoss","3","1","1","1","1","","","","","",""
"B_B_C580_G4","Mon_580_S01_B_Lv4","FinalBoss","4","1","1","1","1","","","","","",""
"B_B_C580_G5","Mon_580_S01_B_Lv5","FinalBoss","5","1","1","1","1","","","","","",""
"B_B_C580_G6","Mon_580_S01_B_Lv6","FinalBoss","4","1","1","1","1","","","","","",""
"B_B_C580_G7","Mon_580_S01_B_Lv7","FinalBoss","5","1","1","1","1","","","","","",""
"F_N_C560_G1","Mon_560_S01_G_Lv1","","1","1","1","1","1","","","","","",""
"F_N_C561_G1","Mon_561_S01_G_Lv1","","1","1","1","1","1","","","","","",""
"M_N_C562_G1","Mon_562_S01_G_Lv1","","1","1","1","1","1","","","","","",""
"M_N_C563_G1","Mon_563_S01_G_Lv1","","1","1","1","1","1","","","","","",""
"B_N_C564_G1","Mon_564_S01_G_Lv1","","1","1","1","1","1","","","","","",""
"B_N_C565_G1","Mon_565_S01_G_Lv1","","1","1","1","1","1","","","","","",""
"F_N_C560_G2","Mon_560_S01_G_Lv2","","1","1","1","1","1","","","","","",""
"F_N_C561_G2","Mon_561_S01_G_Lv2","","1","1","1","1","1","","","","","",""
"M_N_C562_G2","Mon_562_S01_G_Lv2","","1","1","1","1","1","","","","","",""
"M_N_C563_G2","Mon_563_S01_G_Lv2","","1","1","1","1","1","","","","","",""
"B_N_C564_G2","Mon_564_S01_G_Lv2","","1","1","1","1","1","","","","","",""
"B_N_C565_G2","Mon_565_S01_G_Lv2","","1","1","1","1","1","","","","","",""
"F_N_C560_G3","Mon_560_S01_G_Lv3","","1","1","1","1","1","","","","","",""
"F_N_C561_G3","Mon_561_S01_G_Lv3","","1","1","1","1","1","","","","","",""
"M_N_C562_G3","Mon_562_S01_G_Lv3","","1","1","1","1","1","","","","","",""
"M_N_C563_G3","Mon_563_S01_G_Lv3","","1","1","1","1","1","","","","","",""
"B_N_C564_G3","Mon_564_S01_G_Lv3","","1","1","1","1","1","","","","","",""
"B_N_C565_G3","Mon_565_S01_G_Lv3","","1","1","1","1","1","","","","","",""
"F_N_C560_G4","Mon_560_S01_G_Lv4","","1","1","1","1","1","","","","","",""
"F_N_C561_G4","Mon_561_S01_G_Lv4","","1","1","1","1","1","","","","","",""
"M_N_C562_G4","Mon_562_S01_G_Lv4","","1","1","1","1","1","","","","","",""
"M_N_C563_G4","Mon_563_S01_G_Lv4","","1","1","1","1","1","","","","","",""
"B_N_C564_G4","Mon_564_S01_G_Lv4","","1","1","1","1","1","","","","","",""
"B_N_C565_G4","Mon_565_S01_G_Lv4","","1","1","1","1","1","","","","","",""
"F_N_C560_G5","Mon_560_S01_G_Lv5","","1","1","1","1","1","","","","","",""
"F_N_C561_G5","Mon_561_S01_G_Lv5","","1","1","1","1","1","","","","","",""
"M_N_C562_G5","Mon_562_S01_G_Lv5","","1","1","1","1","1","","","","","",""
"M_N_C563_G5","Mon_563_S01_G_Lv5","","1","1","1","1","1","","","","","",""
"B_N_C564_G5","Mon_564_S01_G_Lv5","","1","1","1","1","1","","","","","",""
"B_N_C565_G5","Mon_565_S01_G_Lv5","","1","1","1","1","1","","","","","",""
"F_N_C560_G6","Mon_560_S01_G_Lv6","","1","1","1","1","1","","","","","",""
"F_N_C561_G6","Mon_561_S01_G_Lv6","","1","1","1","1","1","","","","","",""
"M_N_C562_G6","Mon_562_S01_G_Lv6","","1","1","1","1","1","","","","","",""
"M_N_C563_G6","Mon_563_S01_G_Lv6","","1","1","1","1","1","","","","","",""
"B_N_C564_G6","Mon_564_S01_G_Lv6","","1","1","1","1","1","","","","","",""
"B_N_C565_G6","Mon_565_S01_G_Lv6","","1","1","1","1","1","","","","","",""
"F_N_C560_G7","Mon_560_S01_G_Lv7","","1","1","1","1","1","","","","","",""
"F_N_C561_G7","Mon_561_S01_G_Lv7","","1","1","1","1","1","","","","","",""
"M_N_C562_G7","Mon_562_S01_G_Lv7","","1","1","1","1","1","","","","","",""
"M_N_C563_G7","Mon_563_S01_G_Lv7","","1","1","1","1","1","","","","","",""
"B_N_C564_G7","Mon_564_S01_G_Lv7","","1","1","1","1","1","","","","","",""
"B_N_C565_G7","Mon_565_S01_G_Lv7","","1","1","1","1","1","","","","","",""
"F_B_C566_G1","Mon_566_S01_G_Lv1","FinalBoss","1","1","1","1","1","","","","","",""
"F_B_C566_G2","Mon_566_S01_G_Lv2","FinalBoss","2","1","1","1","1","","","","","",""
"F_B_C566_G3","Mon_566_S01_G_Lv3","FinalBoss","3","1","1","1","1","","","","","",""
"F_B_C566_G4","Mon_566_S01_G_Lv4","FinalBoss","4","1","1","1","1","","","","","",""
"F_B_C566_G5","Mon_566_S01_G_Lv5","FinalBoss","5","1","1","1","1","","","","","",""
"F_B_C566_G6","Mon_566_S01_G_Lv6","FinalBoss","4","1","1","1","1","","","","","",""
"F_B_C566_G7","Mon_566_S01_G_Lv7","FinalBoss","5","1","1","1","1","","","","","",""
"F_N_C581_G1","Mon_581_S01_G_Lv1","","1","1","1","1","1","","","","","",""
"F_N_C582_G1","Mon_582_S01_B_Lv1","","1","1","1","1","1","","","","","",""
"M_N_C583_G1","Mon_583_S01_R_Lv1","","1","1","1","1","1","","","","","",""
"M_N_C584_G1","Mon_584_S01_B_Lv1","","1","1","1","1","1","","","","","",""
"B_N_C585_G1","Mon_585_S01_R_Lv1","","1","1","1","1","1","","","","","",""
"B_N_C586_G1","Mon_586_S01_G_Lv1","","1","1","1","1","1","","","","","",""
"F_N_C581_G2","Mon_581_S01_G_Lv2","","1","1","1","1","1","","","","","",""
"F_N_C582_G2","Mon_582_S01_B_Lv2","","1","1","1","1","1","","","","","",""
"M_N_C583_G2","Mon_583_S01_R_Lv2","","1","1","1","1","1","","","","","",""
"M_N_C584_G2","Mon_584_S01_B_Lv2","","1","1","1","1","1","","","","","",""
"B_N_C585_G2","Mon_585_S01_R_Lv2","","1","1","1","1","1","","","","","",""
"B_N_C586_G2","Mon_586_S01_G_Lv2","","1","1","1","1","1","","","","","",""
"F_N_C581_G3","Mon_581_S01_G_Lv3","","1","1","1","1","1","","","","","",""
"F_N_C582_G3","Mon_582_S01_B_Lv3","","1","1","1","1","1","","","","","",""
"M_N_C583_G3","Mon_583_S01_R_Lv3","","1","1","1","1","1","","","","","",""
"M_N_C584_G3","Mon_584_S01_B_Lv3","","1","1","1","1","1","","","","","",""
"B_N_C585_G3","Mon_585_S01_R_Lv3","","1","1","1","1","1","","","","","",""
"B_N_C586_G3","Mon_586_S01_G_Lv3","","1","1","1","1","1","","","","","",""
"F_N_C581_G4","Mon_581_S01_G_Lv4","","1","1","1","1","1","","","","","",""
"F_N_C582_G4","Mon_582_S01_B_Lv4","","1","1","1","1","1","","","","","",""
"M_N_C583_G4","Mon_583_S01_R_Lv4","","1","1","1","1","1","","","","","",""
"M_N_C584_G4","Mon_584_S01_B_Lv4","","1","1","1","1","1","","","","","",""
"B_N_C585_G4","Mon_585_S01_R_Lv4","","1","1","1","1","1","","","","","",""
"B_N_C586_G4","Mon_586_S01_G_Lv4","","1","1","1","1","1","","","","","",""
"F_N_C581_G5","Mon_581_S01_G_Lv5","","1","1","1","1","1","","","","","",""
"F_N_C582_G5","Mon_582_S01_B_Lv5","","1","1","1","1","1","","","","","",""
"M_N_C583_G5","Mon_583_S01_R_Lv5","","1","1","1","1","1","","","","","",""
"M_N_C584_G5","Mon_584_S01_B_Lv5","","1","1","1","1","1","","","","","",""
"B_N_C585_G5","Mon_585_S01_R_Lv5","","1","1","1","1","1","","","","","",""
"B_N_C586_G5","Mon_586_S01_G_Lv5","","1","1","1","1","1","","","","","",""
"F_N_C581_G6","Mon_581_S01_G_Lv6","","1","1","1","1","1","","","","","",""
"F_N_C582_G6","Mon_582_S01_B_Lv6","","1","1","1","1","1","","","","","",""
"M_N_C583_G6","Mon_583_S01_R_Lv6","","1","1","1","1","1","","","","","",""
"M_N_C584_G6","Mon_584_S01_B_Lv6","","1","1","1","1","1","","","","","",""
"B_N_C585_G6","Mon_585_S01_R_Lv6","","1","1","1","1","1","","","","","",""
"B_N_C586_G6","Mon_586_S01_G_Lv6","","1","1","1","1","1","","","","","",""
"F_N_C581_G7","Mon_581_S01_G_Lv7","","1","1","1","1","1","","","","","",""
"F_N_C582_G7","Mon_582_S01_B_Lv7","","1","1","1","1","1","","","","","",""
"M_N_C583_G7","Mon_583_S01_R_Lv7","","1","1","1","1","1","","","","","",""
"M_N_C584_G7","Mon_584_S01_B_Lv7","","1","1","1","1","1","","","","","",""
"B_N_C585_G7","Mon_585_S01_R_Lv7","","1","1","1","1","1","","","","","",""
"B_N_C586_G7","Mon_586_S01_G_Lv7","","1","1","1","1","1","","","","","",""
"F_B_C587_G1","Mon_587_S01_R_Lv1","FinalBoss","1","1","1","1","1","","","","","",""
"F_B_C587_G2","Mon_587_S01_R_Lv2","FinalBoss","2","1","1","1","1","","","","","",""
"F_B_C587_G3","Mon_587_S01_R_Lv3","FinalBoss","3","1","1","1","1","","","","","",""
"F_B_C587_G4","Mon_587_S01_R_Lv4","FinalBoss","4","1","1","1","1","","","","","",""
"F_B_C587_G5","Mon_587_S01_R_Lv5","FinalBoss","5","1","1","1","1","","","","","",""
"F_B_C587_G6","Mon_587_S01_R_Lv6","FinalBoss","4","1","1","1","1","","","","","",""
"F_B_C587_G7","Mon_587_S01_R_Lv7","FinalBoss","5","1","1","1","1","","","","","",""
"F_B_TWC001_G1","TWC_001_S01","TotalWarBoss","1","1","1","1","1","","","","","",""
"F_B_TWC001_G2","TWC_001_S01","TotalWarBoss","2","1","1","1","1","","","","","",""
"F_B_TWC001_G3","TWC_001_S01","TotalWarBoss","3","1","1","1","1","","","","","",""
"F_B_TWC001_G4","TWC_001_S01","TotalWarBoss","4","1","1","1","1","","","","","",""
"F_B_TWC001_G5","TWC_001_S01","TotalWarBoss","5","1","1","1","1","","","","","",""
"F_B_TWC002_G1","TWC_002_S01","TotalWarBoss","1","1","1","1","1","","","","","",""
"F_B_TWC002_G2","TWC_002_S01","TotalWarBoss","2","1","1","1","1","","","","","",""
"F_B_TWC002_G3","TWC_002_S01","TotalWarBoss","3","1","1","1","1","","","","","",""
"F_B_TWC002_G4","TWC_002_S01","TotalWarBoss","4","1","1","1","1","","","","","",""
"F_B_TWC002_G5","TWC_002_S01","TotalWarBoss","5","1","1","1","1","","","","","",""
"F_N_C031_R_G1","Mon_031_S01_R_Lv1","","1","1","1","1","1","","","","","",""
"F_N_C031_R_G2","Mon_031_S01_R_Lv2","","2","1","1","1","1","","","","","",""
"F_N_C031_R_G3","Mon_031_S01_R_Lv3","","3","1","1","1","1","","","","","",""
"F_N_C031_R_G4","Mon_031_S01_R_Lv4","","4","1","1","1","1","","","","","",""
"F_N_C031_R_G5","Mon_031_S01_R_Lv5","","3","1","1","1","1","","","","","",""
"F_N_C031_R_G6","Mon_031_S01_R_Lv6","","4","1","1","1","1","","","","","",""
"F_N_C031_R_G7","Mon_031_S01_R_Lv7","","5","1","1","1","1","","","","","",""
"F_N_C031_G_G1","Mon_031_S01_G_Lv1","","1","1","1","1","1","","","","","",""
"F_N_C031_G_G2","Mon_031_S01_G_Lv2","","2","1","1","1","1","","","","","",""
"F_N_C031_G_G3","Mon_031_S01_G_Lv3","","3","1","1","1","1","","","","","",""
"F_N_C031_G_G4","Mon_031_S01_G_Lv4","","4","1","1","1","1","","","","","",""
"F_N_C031_G_G5","Mon_031_S01_G_Lv5","","3","1","1","1","1","","","","","",""
"F_N_C031_G_G6","Mon_031_S01_G_Lv6","","4","1","1","1","1","","","","","",""
"F_N_C031_G_G7","Mon_031_S01_G_Lv7","","5","1","1","1","1","","","","","",""
"F_N_C031_B_G1","Mon_031_S01_B_Lv1","","1","1","1","1","1","","","","","",""
"F_N_C031_B_G2","Mon_031_S01_B_Lv2","","2","1","1","1","1","","","","","",""
"F_N_C031_B_G3","Mon_031_S01_B_Lv3","","3","1","1","1","1","","","","","",""
"F_N_C031_B_G4","Mon_031_S01_B_Lv4","","4","1","1","1","1","","","","","",""
"F_N_C031_B_G5","Mon_031_S01_B_Lv5","","3","1","1","1","1","","","","","",""
"F_N_C031_B_G6","Mon_031_S01_B_Lv6","","4","1","1","1","1","","","","","",""
"F_N_C031_B_G7","Mon_031_S01_B_Lv7","","5","1","1","1","1","","","","","",""
"M_N_C033_R_G1","Mon_033_S01_R_Lv1","","1","1","1","1","1","","","","","",""
"M_N_C033_R_G2","Mon_033_S01_R_Lv2","","2","1","1","1","1","","","","","",""
"M_N_C033_R_G3","Mon_033_S01_R_Lv3","","3","1","1","1","1","","","","","",""
"M_N_C033_R_G4","Mon_033_S01_R_Lv4","","3","1","1","1","1","","","","","",""
"M_N_C033_R_G5","Mon_033_S01_R_Lv5","","3","1","1","1","1","","","","","",""
"M_N_C033_R_G6","Mon_033_S01_R_Lv6","","4","1","1","1","1","","","","","",""
"M_N_C033_R_G7","Mon_033_S01_R_Lv7","","5","1","1","1","1","","","","","",""
"M_N_C033_G_G1","Mon_033_S01_G_Lv1","","1","1","1","1","1","","","","","",""
"M_N_C033_G_G2","Mon_033_S01_G_Lv2","","2","1","1","1","1","","","","","",""
"M_N_C033_G_G3","Mon_033_S01_G_Lv3","","3","1","1","1","1","","","","","",""
"M_N_C033_G_G4","Mon_033_S01_G_Lv4","","3","1","1","1","1","","","","","",""
"M_N_C033_G_G5","Mon_033_S01_G_Lv5","","3","1","1","1","1","","","","","",""
"M_N_C033_G_G6","Mon_033_S01_G_Lv6","","4","1","1","1","1","","","","","",""
"M_N_C033_G_G7","Mon_033_S01_G_Lv7","","5","1","1","1","1","","","","","",""
"M_N_C033_B_G1","Mon_033_S01_B_Lv1","","1","1","1","1","1","","","","","",""
"M_N_C033_B_G2","Mon_033_S01_B_Lv2","","2","1","1","1","1","","","","","",""
"M_N_C033_B_G3","Mon_033_S01_B_Lv3","","3","1","1","1","1","","","","","",""
"M_N_C033_B_G4","Mon_033_S01_B_Lv4","","3","1","1","1","1","","","","","",""
"M_N_C033_B_G5","Mon_033_S01_B_Lv5","","3","1","1","1","1","","","","","",""
"M_N_C033_B_G6","Mon_033_S01_B_Lv6","","4","1","1","1","1","","","","","",""
"M_N_C033_B_G7","Mon_033_S01_B_Lv7","","5","1","1","1","1","","","","","",""
"B_N_C513_R_G1","Mon_513_S01_R_Lv1","","1","1","1","1","1","","","","","",""
"B_N_C513_R_G2","Mon_513_S01_R_Lv2","","2","1","1","1","1","","","","","",""
"B_N_C513_R_G3","Mon_513_S01_R_Lv3","","3","1","1","1","1","","","","","",""
"B_N_C513_R_G4","Mon_513_S01_R_Lv4","","3","1","1","1","1","","","","","",""
"B_N_C513_R_G5","Mon_513_S01_R_Lv5","","3","1","1","1","1","","","","","",""
"B_N_C513_R_G6","Mon_513_S01_R_Lv6","","4","1","1","1","1","","","","","",""
"B_N_C513_R_G7","Mon_513_S01_R_Lv7","","5","1","1","1","1","","","","","",""
"B_N_C513_G_G1","Mon_513_S01_G_Lv1","","1","1","1","1","1","","","","","",""
"B_N_C513_G_G2","Mon_513_S01_G_Lv2","","2","1","1","1","1","","","","","",""
"B_N_C513_G_G3","Mon_513_S01_G_Lv3","","3","1","1","1","1","","","","","",""
"B_N_C513_G_G4","Mon_513_S01_G_Lv4","","3","1","1","1","1","","","","","",""
"B_N_C513_G_G5","Mon_513_S01_G_Lv5","","3","1","1","1","1","","","","","",""
"B_N_C513_G_G6","Mon_513_S01_G_Lv6","","4","1","1","1","1","","","","","",""
"B_N_C513_G_G7","Mon_513_S01_G_Lv7","","5","1","1","1","1","","","","","",""
"B_N_C513_B_G1","Mon_513_S01_B_Lv1","","1","1","1","1","1","","","","","",""
"B_N_C513_B_G2","Mon_513_S01_B_Lv2","","2","1","1","1","1","","","","","",""
"B_N_C513_B_G3","Mon_513_S01_B_Lv3","","3","1","1","1","1","","","","","",""
"B_N_C513_B_G4","Mon_513_S01_B_Lv4","","3","1","1","1","1","","","","","",""
"B_N_C513_B_G5","Mon_513_S01_B_Lv5","","3","1","1","1","1","","","","","",""
"B_N_C513_B_G6","Mon_513_S01_B_Lv6","","4","1","1","1","1","","","","","",""
"B_N_C513_B_G7","Mon_513_S01_B_Lv7","","5","1","1","1","1","","","","","",""
"C501_G1","Mon_501_Lv1","FinalBoss","2","1","1","1","1","","","","","",""
"C501_G2","Mon_501_Lv2","FinalBoss","2","1","1","1","1","","","","","",""
"C501_G3","Mon_501_Lv3","FinalBoss","2","1","1","1","1","","","","","",""
"C501_G4","Mon_501_Lv4","FinalBoss","2","1","1","1","1","","","","","",""
"C501_G5","Mon_501_Lv5","FinalBoss","2","1","1","1","1","","","","","",""
"C501_G6","Mon_501_Lv6","FinalBoss","2","1","1","1","1","","","","","",""
"C501_G7","Mon_501_Lv7","FinalBoss","2","1","1","1","1","","","","","",""
"C502_G1","Mon_502_Lv1","FinalBoss","2","1","1","1","1","","","","","",""
"C502_G2","Mon_502_Lv2","FinalBoss","2","1","1","1","1","","","","","",""
"C502_G3","Mon_502_Lv3","FinalBoss","2","1","1","1","1","","","","","",""
"C502_G4","Mon_502_Lv4","FinalBoss","2","1","1","1","1","","","","","",""
"C502_G5","Mon_502_Lv5","FinalBoss","2","1","1","1","1","","","","","",""
"C502_G6","Mon_502_Lv6","FinalBoss","2","1","1","1","1","","","","","",""
"C502_G7","Mon_502_Lv7","FinalBoss","2","1","1","1","1","","","","","",""
"C503_G1","Mon_503_Lv1","FinalBoss","2","1","1","1","1","","","","","",""
"C503_G2","Mon_503_Lv2","FinalBoss","2","1","1","1","1","","","","","",""
"C503_G3","Mon_503_Lv3","FinalBoss","2","1","1","1","1","","","","","",""
"C503_G4","Mon_503_Lv4","FinalBoss","2","1","1","1","1","","","","","",""
"C503_G5","Mon_503_Lv5","FinalBoss","2","1","1","1","1","","","","","",""
"C503_G6","Mon_503_Lv6","FinalBoss","2","1","1","1","1","","","","","",""
"C503_G7","Mon_503_Lv7","FinalBoss","2","1","1","1","1","","","","","",""
"C503_G8","Mon_503_Lv8","FinalBoss","2","1","1","1","1","","","","","",""
"F_N_C900_SB1","Mon_900_S01_R","","2","1","1","1","1","","","","","",""
"M_N_C901_SB","Mon_901_S01_R","","2","1","1","1","1","","","","","",""
"B_N_C902_SB","Mon_902_S01_R","","2","1","1","1","1","","","","","",""
"F_N_C900_SB2","Mon_900_BIG","MiddleBoss","2","1","1","1","1","","","","","",""
"F_B_C021_SB","Mon_021_SB","FinalBoss","2","1","1","1","1","","","","","",""
"F_N_C537_SB","Mon_537_SB","","2","1","1","1","1","","","","","",""
"B_N_C525_SB","Mon_525_SB","","2","1","1","1","1","","","","","",""
"M_N_C589_SB","Mon_589_SB","","2","1","1","1","1","","","","","",""
"F_N_C024_SB","Mon_024_SB","","2","1","1","1","1","","","","","",""
"M_N_C588_SB","Mon_588_SB","","2","1","1","1","1","","","","","",""
"B_N_C025_SB","Mon_025_SB","","2","1","1","1","1","","","","","",""
"F_B_C064_SB","Mon_064_SB","FinalBoss","2","1","1","1","1","","","","","",""
"M_N_C555_SB","Mon_555_SB","","2","1","1","1","1","","","","","",""
"B_N_C556_SB","Mon_556_SB","","2","1","1","1","1","","","","","",""
"F_N_C536_SB","Mon_536_SB","","2","1","1","1","1","","","","","",""
"F_N_C592_SB","Mon_592_SB","","2","1","1","1","1","","","","","",""
"F_B_C596_SB","Mon_596_SB","FinalBoss","2","1","1","1","1","","","","","",""
"M_N_C558_SB","Mon_558_SB","","2","1","1","1","1","","","","","",""
"B_N_C052_SB","Mon_052_SB","","2","1","1","1","1","","","","","",""
"F_B_C023_SB","Mon_023_SB","FinalBoss","2","1","1","1","1","","","","","",""
"M_N_C033_Dummy_R","Mon_033_Dummy_R","","1","1","1","1","1","","","","","",""
"M_N_C033_Dummy_G","Mon_033_Dummy_G","","1","1","1","1","1","","","","","",""
"M_N_C033_Dummy_B","Mon_033_Dummy_B","","1","1","1","1","1","","","","","",""
"B_N_C513_Dummy_R","Mon_513_Dummy_R","","1","1","1","1","1","","","","","",""
"B_N_C513_Dummy_G","Mon_513_Dummy_G","","1","1","1","1","1","","","","","",""
"B_N_C513_Dummy_B","Mon_513_Dummy_B","","1","1","1","1","1","","","","","",""
"B_N_C031_Dummy_R","Mon_031_Dummy_R","","1","1","1","1","1","","","","","",""
"B_N_C031_Dummy_G","Mon_031_Dummy_G","","1","1","1","1","1","","","","","",""
"B_N_C031_Dummy_B","Mon_031_Dummy_B","","1","1","1","1","1","","","","","",""
"F_C005_G1","Mon_005_S01_D","","1","1","1","1","1","","","","","",""
"F_C005_G2","Mon_005_S01_D","MiddleBoss","2","1","1","1","1","","","","","",""
"F_C005_G3","Mon_005_S01_D","","3","1","1","1","1","","","","","",""
"F_C006_G1","Mon_006_S01_G","","1","1","1","1","1","","","","","",""
"F_C006_G2","Mon_006_S01_G","MiddleBoss","2","1","1","1","1","","","","","",""
"F_C006_G3","Mon_006_S01_G","","3","1","1","1","1","","","","","",""
"F_C007_G1","Mon_007_S01_D","","1","1","1","1","1","","","","","",""
"F_C007_G2","Mon_007_S01_D","MiddleBoss","2","1","1","1","1","","","","","",""
"F_C007_G3","Mon_007_S01_D","","3","1","1","1","1","","","","","",""
"B_C008_G1","Mon_008_S01_B","","1","1","1","1","1","","","","","",""
"B_C008_G2","Mon_008_S01_B","MiddleBoss","2","1","1","1","1","","","","","",""
"B_C008_G3","Mon_008_S01_B","","3","1","1","1","1","","","","","",""
"B_C009_G1","Mon_009_S01_G","","1","1","1","1","1","","","","","",""
"B_C009_G2","Mon_009_S01_G","MiddleBoss","2","1","1","1","1","","","","","",""
"B_C009_G3","Mon_009_S01_G","","3","1","1","1","1","","","","","",""
"B_C010_G1","Mon_010_S01_B","","1","1","1","1","1","","","","","",""
"B_C010_G2","Mon_010_S01_B","MiddleBoss","2","1","1","1","1","","","","","",""
"B_C010_G3","Mon_010_S01_B","","3","1","1","1","1","","","","","",""
"F_C011_G1","Mon_011_S01_R","","1","1","1","1","1","","","","","",""
"F_C011_G2","Mon_011_S01_R","MiddleBoss","2","1","1","1","1","","","","","",""
"F_C011_G3","Mon_011_S01_R","","3","1","1","1","1","","","","","",""
"F_C015_G1","Mon_015_S01_B","","1","1","1","1","1","","","","","",""
"F_C015_G2","Mon_015_S01_B","MiddleBoss","2","1","1","1","1","","","","","",""
"F_C015_G3","Mon_015_S01_B","","3","1","1","1","1","","","","","",""
"F_C016_G1","Mon_016_S01_B","","1","1","1","1","1","","","","","",""
"F_C016_G2","Mon_016_S01_B","MiddleBoss","2","1","1","1","1","","","","","",""
"F_C016_G3","Mon_016_S01_B","","3","1","1","1","1","","","","","",""
"B_C034_G1","Mon_034_S01_B","","1","1","1","1","1","","","","","",""
"B_C034_G2","Mon_034_S01_B","MiddleBoss","2","1","1","1","1","","","","","",""
"B_C034_G3","Mon_034_S01_B","","3","1","1","1","1","","","","","",""
"F_C037_G1","Mon_037_S01_L","","1","1","1","1","1","","","","","",""
"F_C037_G2","Mon_037_S01_L","MiddleBoss","2","1","1","1","1","","","","","",""
"F_C037_G3","Mon_037_S01_L","","3","1","1","1","1","","","","","",""
"B_C038_G1","Mon_038_S01_L","","1","1","1","1","1","","","","","",""
"B_C038_G2","Mon_038_S01_L","MiddleBoss","2","1","1","1","1","","","","","",""
"B_C038_G3","Mon_038_S01_L","","3","1","1","1","1","","","","","",""
"B_C040_G1","Mon_040_S01_R","","1","1","1","1","1","","","","","",""
"B_C040_G2","Mon_040_S01_R","MiddleBoss","2","1","1","1","1","","","","","",""
"B_C040_G3","Mon_040_S01_R","","3","1","1","1","1","","","","","",""
"M_C041_G1","Mon_041_S01_R","","1","1","1","1","1","","","","","",""
"M_C041_G2","Mon_041_S01_R","MiddleBoss","2","1","1","1","1","","","","","",""
"M_C041_G3","Mon_041_S01_R","","3","1","1","1","1","","","","","",""
"B_C044_G1","Mon_044_S01_D","","1","1","1","1","1","","","","","",""
"B_C044_G2","Mon_044_S01_D","MiddleBoss","2","1","1","1","1","","","","","",""
"B_C044_G3","Mon_044_S01_D","","3","1","1","1","1","","","","","",""
"F_C051_G1","Mon_051_S01_B","","1","1","1","1","1","","","","","",""
"F_C051_G2","Mon_051_S01_B","MiddleBoss","2","1","1","1","1","","","","","",""
"F_C051_G3","Mon_051_S01_B","","3","1","1","1","1","","","","","",""
"F_C064_G1","Mon_064_S01_R","","1","1","1","1","1","","","","","",""
"F_C064_G2","Mon_064_S01_R","MiddleBoss","2","1","1","1","1","","","","","",""
"F_C064_G3","Mon_064_S01_R","","3","1","1","1","1","","","","","",""
"M_C067_G1","Mon_067_S01_B","","1","1","1","1","1","","","","","",""
"M_C067_G2","Mon_067_S01_B","MiddleBoss","2","1","1","1","1","","","","","",""
"M_C067_G3","Mon_067_S01_B","","3","1","1","1","1","","","","","",""
"B_C072_G1","Mon_072_S01_R","","1","1","1","1","1","","","","","",""
"B_C072_G2","Mon_072_S01_R","MiddleBoss","2","1","1","1","1","","","","","",""
"B_C072_G3","Mon_072_S01_R","","3","1","1","1","1","","","","","",""
"B_C073_G1","Mon_073_S01_G","","1","1","1","1","1","","","","","",""
"B_C073_G2","Mon_073_S01_G","MiddleBoss","2","1","1","1","1","","","","","",""
"B_C073_G3","Mon_073_S01_G","","3","1","1","1","1","","","","","",""
"B_C077_G1","Mon_077_S01_G","","1","1","1","1","1","","","","","",""
"B_C077_G2","Mon_077_S01_G","MiddleBoss","2","1","1","1","1","","","","","",""
"B_C077_G3","Mon_077_S01_G","","3","1","1","1","1","","","","","",""
"B_C078_G1","Mon_078_S01_R","","1","1","1","1","1","","","","","",""
"B_C078_G2","Mon_078_S01_R","MiddleBoss","2","1","1","1","1","","","","","",""
"B_C078_G3","Mon_078_S01_R","","3","1","1","1","1","","","","","",""
"M_C080_G1","Mon_080_S01_G","","1","1","1","1","1","","","","","",""
"M_C080_G2","Mon_080_S01_G","MiddleBoss","2","1","1","1","1","","","","","",""
"M_C080_G3","Mon_080_S01_G","","3","1","1","1","1","","","","","",""
"M_C085_G1","Mon_085_S01_B","","1","1","1","1","1","","","","","",""
"M_C085_G2","Mon_085_S01_B","MiddleBoss","2","1","1","1","1","","","","","",""
"M_C085_G3","Mon_085_S01_B","","3","1","1","1","1","","","","","",""
"M_C088_G1","Mon_088_S01_R","","1","1","1","1","1","","","","","",""
"M_C088_G2","Mon_088_S01_R","MiddleBoss","2","1","1","1","1","","","","","",""
"M_C088_G3","Mon_088_S01_R","","3","1","1","1","1","","","","","",""
"F_C089_G1","Mon_089_S01_D","","1","1","1","1","1","","","","","",""
"F_C089_G2","Mon_089_S01_D","MiddleBoss","2","1","1","1","1","","","","","",""
"F_C089_G3","Mon_089_S01_D","","3","1","1","1","1","","","","","",""
"B_C090_G1","Mon_090_S01_L","","1","1","1","1","1","","","","","",""
"B_C090_G2","Mon_090_S01_L","MiddleBoss","2","1","1","1","1","","","","","",""
"B_C090_G3","Mon_090_S01_L","","3","1","1","1","1","","","","","",""
"F_C091_G1","Mon_091_S01_G","","1","1","1","1","1","","","","","",""
"F_C091_G2","Mon_091_S01_G","MiddleBoss","2","1","1","1","1","","","","","",""
"F_C091_G3","Mon_091_S01_G","","3","1","1","1","1","","","","","",""
"F_C098_G1","Mon_098_S01_R","","1","1","1","1","1","","","","","",""
"F_C098_G2","Mon_098_S01_R","MiddleBoss","2","1","1","1","1","","","","","",""
"F_C098_G3","Mon_098_S01_R","","3","1","1","1","1","","","","","",""
"M_C100_G1","Mon_100_S01_G","","1","1","1","1","1","","","","","",""
"M_C100_G2","Mon_100_S01_G","MiddleBoss","2","1","1","1","1","","","","","",""
"M_C100_G3","Mon_100_S01_G","","3","1","1","1","1","","","","","",""
"M_C101_G1","Mon_101_S01_B","","1","1","1","1","1","","","","","",""
"M_C101_G2","Mon_101_S01_B","MiddleBoss","2","1","1","1","1","","","","","",""
"M_C101_G3","Mon_101_S01_B","","3","1","1","1","1","","","","","",""
"F_C110_G1","Mon_110_S01_G","","1","1","1","1","1","","","","","",""
"F_C110_G2","Mon_110_S01_G","MiddleBoss","2","1","1","1","1","","","","","",""
"F_C110_G3","Mon_110_S01_G","","3","1","1","1","1","","","","","",""
"M_C112_G1","Mon_112_S01_B","","1","1","1","1","1","","","","","",""
"M_C112_G2","Mon_112_S01_B","MiddleBoss","2","1","1","1","1","","","","","",""
"M_C112_G3","Mon_112_S01_B","","3","1","1","1","1","","","","","",""
"M_C114_G1","Mon_114_S01_B","","1","1","1","1","1","","","","","",""
"M_C114_G2","Mon_114_S01_B","MiddleBoss","2","1","1","1","1","","","","","",""
"M_C114_G3","Mon_114_S01_B","","3","1","1","1","1","","","","","",""
"F_C598_G1","Mon_598_S01_R","","1","1","1","1","1","","","","","",""
"F_C599_G1","Mon_599_S01_G","","1","1","1","1","1","","","","","",""
"F_C600_G1","Mon_600_S01_B","","1","1","1","1","1","","","","","",""
"M_C601_G1","Mon_601_S01_R","","1","1","1","1","1","","","","","",""
"M_C602_G1","Mon_602_S01_G","","1","1","1","1","1","","","","","",""
"M_C603_G1","Mon_603_S01_B","","1","1","1","1","1","","","","","",""
"B_C604_G1","Mon_604_S01_R","","1","1","1","1","1","","","","","",""
"B_C605_G1","Mon_605_S01_G","","1","1","1","1","1","","","","","",""
"B_C606_G1","Mon_606_S01_B","","1","1","1","1","1","","","","","",""
"F_C607_G1","Mon_607_S01_B","FinalBoss","1","1","1","1","1","","","","","",""
"F_C607_G2","Mon_607_S01_B","FinalBoss","1","1","1","1","1","","","","","",""
"F_C607_G3","Mon_607_S01_B","FinalBoss","1","1","1","1","1","","","","","",""
"F_C607_G4","Mon_607_S01_B","FinalBoss","1","1","1","1","1","","","","","",""
"F_C607_G5","Mon_607_S01_B","FinalBoss","1","1","1","1","1","","","","","",""
