"1","1","Wave1_Work1_Front1","CH12_F_C557_G1","AD_N_P3_004_013_Wave1",
"1","1","Wave1_Work1_Front2","CH12_F_C557_G1","AD_N_P3_004_013_Wave1",
"1","1","Wave1_Work1_Front3","CH12_F_C557_G1","AD_N_P3_004_013_Wave1",
"1","1","Wave1_Work1_Middle1","CH12_M_C533_G1","AD_N_P3_004_013_Wave1",
"1","1","Wave1_Work1_Back1","CH12_B_C524_G1","AD_N_P3_004_013_Wave1",
"2","1","Wave2_Work1_Front1","CH12_F_C557_G1","AD_N_P3_004_013_Wave2",
"2","1","Wave2_Work1_Front2","CH12_F_C557_G1","AD_N_P3_004_013_Wave2",
"2","1","Wave2_Work1_Front3","CH12_F_C557_G1","AD_N_P3_004_013_Wave2",
"2","1","Wave2_Work1_Middle1","CH12_M_C559_G1","AD_N_P3_004_013_Wave2",
"2","1","Wave2_Work1_Middle2","CH12_M_C559_G1","AD_N_P3_004_013_Wave2",
