Id,PlotFile,,ShowNode,PlotFileNode,NodePosition,LinkNode
8350001,5802001,律约会剧情1,1-1,1,"385,0",8350002
8350002,5802001,律约会剧情1,2-1,28,"985,0","8350003,8350004"
8350003,5802001,律约会剧情1,3-1,144,"1585,120",
8350004,5802001,律约会剧情1,3-2,182,"1585,-120","8350005,8350006"
8350005,5802001,律约会剧情1,4-1,283,"2185,0",8350007
8350006,5802001,律约会剧情1,4-2,387,"2185,-240",
8350007,5802001,律约会剧情1,5-1,325,"2785,0",
8350101,5802002,克萝萝约会剧情1,1-1,1,"385,0",8350102
8350102,5802002,克萝萝约会剧情1,2-1,41,"985,0",8350103
8350103,5802002,克萝萝约会剧情1,3-1,72,"1585,0",8350104
8350104,5802002,克萝萝约会剧情1,4-1,113,"2185,0","8350105,8350106"
8350105,5802002,克萝萝约会剧情1,5-1,218,"2785,120",
8350106,5802002,克萝萝约会剧情1,5-2,265,"2785,-120",8350107
8350107,5802002,克萝萝约会剧情1,6-1,367,"3385,-120","8350108,8350109"
8350108,5802002,克萝萝约会剧情1,7-1,401,"3985,0",
8350109,5802002,克萝萝约会剧情1,7-2,479,"3985,-240",
8350201,5802003,黑神月咏约会剧情1,1-1,1,"385,0",8350202
8350202,5802003,黑神月咏约会剧情1,2-1,39,"985,0",8350203
8350203,5802003,黑神月咏约会剧情1,3-1,115,"1585,0",8350204
8350204,5802003,黑神月咏约会剧情1,4-1,183,"2185,0","8350205,8350206"
8350205,5802003,黑神月咏约会剧情1,5-1,269,"2785,120",8350207
8350206,5802003,黑神月咏约会剧情1,5-2,580,"2785,-120",
8350207,5802003,黑神月咏约会剧情1,6-1,376,"3385,120","8350208,8350209"
8350208,5802003,黑神月咏约会剧情1,7-1,453,"3985,240",
8350209,5802003,黑神月咏约会剧情1,7-2,529,"3985,0",
8350301,5802004,安洁约会剧情1,1-1,1,"385,0",8350302
8350302,5802004,安洁约会剧情1,2-1,82,"985,0",8350303
8350303,5802004,安洁约会剧情1,3-1,131,"1585,0","8350304,8350305"
8350304,5802004,安洁约会剧情1,4-1,163,"2185,120",8350306
8350305,5802004,安洁约会剧情1,4-2,345,"2185,-120",8350307
8350306,5802004,安洁约会剧情1,5-1,243,"2785,120","8350308,8350309"
8350307,5802004,安洁约会剧情1,5-2,442,"2785,-120",
8350308,5802004,安洁约会剧情1,6-1,258,"3385,240",
8350309,5802004,安洁约会剧情1,6-2,300,"3385,0",
8350401,5802005,米娅约会剧情1,1-1,1,"385,0",8350402
8350402,5802005,米娅约会剧情1,2-1,60,"985,0",8350403
8350403,5802005,米娅约会剧情1,3-1,169,"1585,0",8350404
8350404,5802005,米娅约会剧情1,4-1,240,"2185,0","8350405,8350406"
8350405,5802005,米娅约会剧情1,5-1,302,"2785,120",8350407
8350406,5802005,米娅约会剧情1,5-2,560,"2785,-120",
8350407,5802005,米娅约会剧情1,6-1,347,"3385,0","8350408,8350409"
8350408,5802005,米娅约会剧情1,7-1,447,"3985,120",
8350409,5802005,米娅约会剧情1,7-2,511,"3985,-120",
8350439,5802021,玛莎约会剧情1,1-1,1,"385,0",8350440
8350440,5802021,玛莎约会剧情1,2-1,81,"985,0",8350441
8350441,5802021,玛莎约会剧情1,3-1,170,"1585,0",8350442
8350442,5802021,玛莎约会剧情1,4-1,250,"2185,0",8350443
8350443,5802021,玛莎约会剧情1,5-1,382,"2785,0",
