Id,TabType,PlotGroup,PlotImage,ClassImage,,Title,,Open
101,12,101,ui_dn_yl_zx_1,ui_da_jq_zhijie_1,诞生,library_memory_title_101,第一章,1
102,12,102,ui_dn_yl_zx_2,ui_da_jq_zhijie_4,仆从,library_memory_title_102,第二章,1
103,12,103,ui_dn_yl_zx_3,ui_da_jq_zhijie_2,君王,library_memory_title_103,第三章,1
104,12,104,ui_dn_yl_zx_4,ui_da_jq_zhijie_7,人子,library_memory_title_104,第四章,1
105,12,105,ui_dn_yl_zx_5,ui_da_jq_zhijie_6,受难,library_memory_title_105,第五章,1
106,12,106,ui_dn_yl_zx_6,ui_da_jq_zhijie_5,神子,library_memory_title_106,第六章-上,1
107,12,107,ui_dn_yl_zx_7,ui_da_jq_zhijie_5,神子,library_memory_title_107,第六章-下,1
108,12,108,ui_dn_yl_zx_8,ui_da_jq_zhijie_6,受难,library_memory_title_108,第七章,1
109,12,109,ui_dn_yl_zx_9,ui_da_jq_zhijie_6,受难,library_memory_title_109,第八章,1
201,13,201,ui_dn_yl_hd_101,,,library_memory_title_201,锦世奇缘,1
202,13,202,ui_dn_yl_hd_102,,,library_memory_title_202,无光呓语,1
203,13,203,ui_dn_yl_hd_103,,,library_memory_title_203,夜雾领航,0
204,13,204,ui_dn_yl_hd_104,,,library_memory_title_204,壹等星之夜,0
205,13,205,ui_dn_yl_hd_105,,,library_memory_title_205,遮光梦,1
206,13,206,ui_dn_yl_hd_106,,,library_memory_title_206,和光同尘,1
207,13,207,ui_dn_yl_hd_107,,,library_memory_title_207,知更鸟的安魂曲,1
208,13,208,ui_dn_yl_hd_108,,,library_memory_title_208,失落日,0
209,13,209,ui_dn_yl_hd_110,,,library_memory_title_209,牧的失踪日,0
210,13,210,ui_dn_yl_hd_109,,,library_memory_title_210,春夜腾龙令,0
211,13,211,ui_dn_yl_hd_114,,,library_memory_title_211,我一生的故事,0
212,13,212,ui_dn_yl_hd_115,,,library_memory_title_212,长歌彼方,0
213,13,213,ui_dn_yl_hd_116,,,library_memory_title_213,瑰色的爱之诗,0
214,13,214,ui_dn_yl_hd_117,,,library_memory_title_214,红与白,0
215,13,215,ui_dn_yl_hd_119,,,library_memory_title_215,钟摆与羽毛,0
216,13,216,ui_dn_yl_hd_120,,,library_memory_title_216,桃源初梦,0
217,13,217,ui_dn_yl_hd_121,,,library_memory_title_217,魔女之夜,0
218,13,218,ui_dn_yl_hd_122,,,library_memory_title_218,星侍节的诞生,0
219,13,219,ui_dn_yl_hd_123,,,library_memory_title_219,咫尺的温度,0
220,13,220,ui_dn_yl_hd_124,,,library_memory_title_220,新枝萌发之日,0
